1,0,0.75135154,0.64460856
1,1,2.5203512,1.8685293
1,2,2.072846,0.8356139
1,3,1.4800835,0.4582774
1,4,1.9842824,0.9329811
1,5,2.6775591,0.71126163
1,6,2.438735,0.36840788
1,7,2.9200587,0.25850984
1,8,3.0679107,0.29737124
1,9,3.2232354,0.3236793
1,10,3.0982218,0.30348545
1,11,3.1323957,0.24539244
1,12,2.5561082,0.22404863
1,13,2.6572337,0.2668231
1,14,2.4563322,0.29370415
1,15,2.2873335,0.23881981
1,16,2.3886397,0.21960805
1,17,2.2679362,0.23522459
1,18,2.213832,0.20206048
1,19,2.6310925,0.24998294
1,20,1.8481741,0.24441588
1,21,1.8952101,0.25279787
1,22,1.7692522,0.25159144
1,23,1.8471062,0.24185081
1,24,2.0075676,0.25372165
1,25,1.8991889,0.20593229
1,26,2.1428175,0.23451994
1,27,2.3074555,0.2740634
1,28,2.3297226,0.21709535
1,29,2.338168,0.19504932
1,30,2.0277445,0.2379722
1,31,2.2472866,0.30503407
1,32,2.271791,0.22753581
1,33,2.3503208,0.22920711
1,34,2.436479,0.17575274
1,35,2.8287103,0.21508811
1,36,2.4272325,0.1868946
1,37,2.3776987,0.19080885
1,38,2.5115695,0.24414484
1,39,2.2154198,0.22949852
1,40,2.2511537,0.22470511
1,41,1.9992146,0.26006255
1,42,2.0727267,0.24592175
1,43,2.082365,0.25551736
1,44,2.4311292,0.25938347
1,45,1.9621999,0.23794161
1,46,1.9941208,0.24826479
1,47,1.9523494,0.21652162
1,48,2.0244768,0.24109046
1,49,2.405938,0.2526894
1,50,2.6922908,0.1965034
2,0,2.2410207,0.24350663
2,1,2.6544836,0.26143467
2,2,2.629547,0.18953887
2,3,2.594925,0.21686797
2,4,2.2889884,0.2720362
2,5,2.0567086,0.27019727
2,6,2.5649514,0.19190194
2,7,2.4888248,0.17756635
2,8,2.5216665,0.20076014
2,9,2.7684376,0.2096271
2,10,2.1634636,0.20231427
2,11,2.123594,0.19693182
2,12,2.1567645,0.23406774
2,13,2.300713,0.20244578
2,14,1.9775796,0.25861412
2,15,2.402815,0.26550308
2,16,2.1680546,0.23527613
2,17,2.1414235,0.237405
2,18,1.9341104,0.22551225
2,19,2.191736,0.264938
2,20,2.2037103,0.19762254
2,21,2.140572,0.20144555
2,22,2.3457134,0.20426528
2,23,2.3843725,0.22145443
2,24,2.24022,0.2249016
2,25,2.1411753,0.21681933
2,26,2.0677166,0.21523453
2,27,2.2378442,0.19864343
2,28,2.4728816,0.24882138
2,29,2.5508385,0.18659441
2,30,2.19503,0.23313554
2,31,1.9929036,0.21633679
2,32,2.1600075,0.20443663
2,33,2.2952054,0.20204923
2,34,2.2551003,0.22586219
2,35,2.148897,0.19197622
2,36,2.4201417,0.2055259
2,37,2.2281349,0.22848982
2,38,2.318218,0.23529176
2,39,2.1687427,0.22113572
2,40,1.9641093,0.28426462
2,41,2.0336244,0.2457802
2,42,2.0323026,0.24659364
2,43,2.1002526,0.24366298
2,44,2.2059684,0.29005057
2,45,2.1283514,0.1882799
2,46,2.071687,0.20260587
2,47,2.2329535,0.18166153
2,48,2.1545832,0.18806028
2,49,2.3795264,0.22239375
2,50,2.4589975,0.13712281
3,0,2.211738,0.19522478
3,1,2.4835532,0.22877313
3,2,2.4124365,0.18905708
3,3,2.5684736,0.22884639
3,4,2.1998017,0.19435959
3,5,2.0965507,0.21605124
3,6,2.0923727,0.22098745
3,7,1.938897,0.2102521
3,8,2.3622968,0.20377427
3,9,2.054115,0.20695312
3,10,1.9593617,0.22308715
3,11,2.093864,0.2560118
3,12,2.1102765,0.23132393
3,13,2.1846497,0.21385929
3,14,2.2816124,0.15620816
3,15,2.5297904,0.17844567
3,16,2.3966575,0.23437421
3,17,2.3947225,0.19687086
3,18,2.2045922,0.18131931
3,19,2.4445803,0.19122356
3,20,2.2163157,0.19764853
3,21,2.357948,0.20303373
3,22,2.335145,0.20432869
3,23,2.1483176,0.24261795
3,24,2.0941198,0.24107964
3,25,2.0485055,0.20741203
3,26,2.3600285,0.18924533
3,27,2.2511985,0.20608674
3,28,2.451772,0.19883956
3,29,2.1924508,0.27471146
3,30,2.1718268,0.2201315
3,31,2.2633631,0.17868538
3,32,2.5529528,0.23246866
3,33,2.2156448,0.24320322
3,34,2.2878957,0.20488481
3,35,2.1382601,0.2169767
3,36,2.007612,0.24402243
3,37,1.8952833,0.25051877
3,38,1.9473913,0.22908619
3,39,2.1843688,0.19777216
3,40,2.400724,0.27175817
3,41,2.1414614,0.23153813
3,42,2.28652,0.21092002
3,43,2.3475194,0.26368243
3,44,2.3416703,0.19093795
3,45,2.4351866,0.28125203
3,46,2.6409953,0.2162251
3,47,2.15096,0.23278396
3,48,2.2832944,0.2377686
3,49,1.9588841,0.2489011
3,50,2.1549997,0.19750601
4,0,2.111335,0.18809927
4,1,2.2047613,0.21869867
4,2,2.4133792,0.223535
4,3,2.3116434,0.2171476
4,4,2.2684593,0.25773618
4,5,2.2923095,0.17253721
4,6,2.2637398,0.21725985
4,7,2.2214658,0.215074
4,8,2.3921263,0.2750656
4,9,2.27537,0.1893766
4,10,2.0435634,0.24547057
4,11,1.9532853,0.23809831
4,12,2.3124459,0.2298956
4,13,2.1228235,0.2350116
4,14,2.3707523,0.21216573
4,15,2.1132987,0.21303424
4,16,2.076311,0.26423997
4,17,2.090053,0.28789517
4,18,2.2598004,0.16902973
4,19,2.4201686,0.21575597
4,20,2.6388204,0.2059926
4,21,2.50792,0.19975449
4,22,2.3630068,0.2167115
4,23,2.5971613,0.22298928
4,24,2.4351776,0.19558336
4,25,2.1022422,0.19746165
4,26,2.311429,0.21556358
4,27,2.0808692,0.21655162
4,28,1.9976561,0.23757073
4,29,2.0062985,0.21334684
4,30,1.9341699,0.2511381
4,31,2.0882955,0.21736148
4,32,1.9652799,0.23172489
4,33,1.9892437,0.20109327
4,34,2.087617,0.19714388
4,35,2.3592408,0.20715773
4,36,2.3191502,0.21723822
4,37,2.2481666,0.19969012
4,38,2.4569046,0.224231
4,39,2.3470519,0.19989383
4,40,2.6285317,0.17184037
4,41,2.4279344,0.21641415
4,42,2.1772966,0.20381452
4,43,2.2332969,0.20373516
4,44,2.2282274,0.19504187
4,45,2.2910445,0.23017609
4,46,2.2561615,0.20596357
4,47,2.2669787,0.1996441
4,48,2.3859713,0.20070809
4,49,2.252546,0.19991334
4,50,2.049165,0.29741946
5,0,1.9789889,0.2256681
5,1,2.0063207,0.24001722
5,2,1.9660727,0.21448456
5,3,1.976456,0.1864417
5,4,2.032168,0.20861942
5,5,2.2135372,0.2337346
5,6,2.2703266,0.23598282
5,7,2.1962228,0.21225324
5,8,1.9954137,0.23532975
5,9,2.1391182,0.24010031
5,10,2.078336,0.2280278
5,11,2.5061276,0.19703387
5,12,2.3183687,0.25683808
5,13,2.382396,0.2070788
5,14,2.3138175,0.20253566
5,15,2.2096982,0.19110304
5,16,2.1584291,0.21474141
5,17,2.0788996,0.19290514
5,18,2.2919307,0.20623833
5,19,2.2065907,0.19269803
5,20,2.0549712,0.22829662
5,21,2.1583374,0.24007101
5,22,2.4172602,0.1990088
5,23,2.4101977,0.21460569
5,24,2.4097252,0.16630124
5,25,2.3633754,0.17639339
5,26,2.6023502,0.22677234
5,27,2.3813362,0.21595997
5,28,2.2550955,0.25744876
5,29,2.245921,0.21008427
5,30,2.2070673,0.2131721
5,31,2.2536492,0.20061117
5,32,2.1765,0.22980769
5,33,2.1253169,0.27250606
5,34,1.9911829,0.2613108
5,35,1.9306921,0.19862494
5,36,2.171426,0.2192234
5,37,2.0615587,0.25879738
5,38,2.3174834,0.22759365
5,39,2.2819533,0.1897474
5,40,2.7401974,0.22137623
5,41,2.6654983,0.20887145
5,42,2.6242716,0.19191878
5,43,2.6106968,0.21838754
5,44,2.4198,0.18975624
5,45,2.297211,0.18146308
5,46,2.4872873,0.20904915
5,47,2.110667,0.19848113
5,48,2.0501544,0.20910761
5,49,1.8669317,0.2689998
5,50,1.9735923,0.24503326
6,0,1.948624,0.24130885
6,1,2.0006404,0.22373308
6,2,2.102143,0.22381715
6,3,2.2897613,0.22900862
6,4,2.2624254,0.22526368
6,5,2.347244,0.26216933
6,6,2.6512518,0.2254367
6,7,2.4823487,0.21763778
6,8,2.2708116,0.20796193
6,9,2.232133,0.23347947
6,10,2.1822374,0.2256992
6,11,2.307208,0.20633979
6,12,2.237524,0.23599839
6,13,1.986018,0.23765576
6,14,1.9620636,0.22448346
6,15,2.129909,0.20882213
6,16,1.9960101,0.21485725
6,17,2.3360734,0.2536761
6,18,2.5496259,0.19181801
6,19,2.2049525,0.20621702
6,20,2.3747966,0.23163217
6,21,2.6638188,0.17525122
6,22,2.8988576,0.20360342
6,23,2.9835634,0.24210106
6,24,2.610956,0.2322979
6,25,2.30052,0.19507192
6,26,2.3644722,0.1846927
6,27,2.2239962,0.18977752
6,28,2.4450796,0.25190547
6,29,2.1087348,0.24110126
6,30,2.070731,0.20343348
6,31,2.1078293,0.3172765
6,32,1.9626803,0.22984277
6,33,2.1230688,0.2161196
6,34,2.6348433,0.27101272
6,35,2.4402208,0.26318064
6,36,2.15254,0.20448704
6,37,2.1296084,0.2313959
6,38,2.1958346,0.2150001
6,39,2.2828772,0.20009165
6,40,2.4586885,0.20796038
6,41,2.157003,0.22188663
6,42,2.167623,0.19486728
6,43,2.1660986,0.19725509
6,44,2.2923467,0.20771912
6,45,2.1647272,0.21656151
6,46,2.0146015,0.19442189
6,47,2.0753179,0.2955231
6,48,2.2692971,0.21759993
6,49,2.4939609,0.22081457
6,50,2.308681,0.15578867
7,0,2.2578027,0.26530766
7,1,2.375355,0.21122085
7,2,2.4692163,0.21281494
7,3,2.1303577,0.24780287
7,4,2.185866,0.20026882
7,5,2.6223135,0.17083529
7,6,2.4678836,0.19297974
7,7,2.4073923,0.18335223
7,8,2.422403,0.24368466
7,9,2.3933992,0.20823768
7,10,2.4876134,0.1951776
7,11,2.3457627,0.19368657
7,12,2.3954804,0.20557284
7,13,2.1538355,0.25204572
7,14,2.1732652,0.21690363
7,15,1.9443243,0.21006547
7,16,2.1147485,0.21076022
7,17,2.146784,0.23456724
7,18,2.10051,0.18643056
7,19,2.0304222,0.22075246
7,20,2.3590748,0.19689411
7,21,2.3038752,0.18376783
7,22,2.4016912,0.24728994
7,23,2.4175105,0.27306026
7,24,2.4746394,0.18631433
7,25,2.193782,0.229127
7,26,2.0459692,0.25530216
7,27,2.3111165,0.20173234
7,28,2.1055956,0.1855481
7,29,2.2628393,0.30958888
7,30,2.5438569,0.29307237
7,31,2.193672,0.2168736
7,32,1.887175,0.3008695
7,33,1.7899641,0.2314504
7,34,2.2061782,0.20553924
7,35,2.205689,0.22274671
7,36,2.2837718,0.24615376
7,37,2.1125531,0.24286886
7,38,2.1959054,0.1821634
7,39,2.5288348,0.16936342
7,40,2.489153,0.21545064
7,41,2.6041064,0.20449798
7,42,2.446056,0.24031174
7,43,2.3746169,0.20883211
7,44,2.5931606,0.18153827
7,45,2.0422518,0.18215661
7,46,2.3989651,0.21591766
7,47,2.4361675,0.2050721
7,48,2.0955715,0.19033831
7,49,2.11721,0.30197313
7,50,1.9734097,0.19469762
8,0,2.1621726,0.22204044
8,1,2.4500468,0.20337825
8,2,2.287203,0.2654936
8,3,2.1463892,0.19271728
8,4,2.0493712,0.2121098
8,5,2.243879,0.20097618
8,6,2.2679267,0.21317892
8,7,2.4219303,0.20602442
8,8,2.3807614,0.17383786
8,9,2.177504,0.19523028
8,10,2.2811623,0.21038526
8,11,2.1357415,0.1878793
8,12,2.479814,0.19290535
8,13,2.024137,0.21727422
8,14,2.247162,0.28868812
8,15,2.170701,0.21280043
8,16,2.281439,0.19892539
8,17,2.5394728,0.22857767
8,18,2.334236,0.19536766
8,19,2.3627183,0.16230464
8,20,2.4062974,0.25667647
8,21,2.1601632,0.20167938
8,22,2.3844638,0.21162175
8,23,2.5937839,0.21705857
8,24,2.3060265,0.22695448
8,25,2.4540877,0.20269196
8,26,2.0826313,0.24406709
8,27,1.8183771,0.2765028
8,28,1.996065,0.26565588
8,29,2.3031428,0.22932604
8,30,2.3443313,0.2261272
8,31,2.4743478,0.2662769
8,32,2.0938115,0.1971764
8,33,2.177121,0.2126738
8,34,2.2179575,0.28335577
8,35,2.0943244,0.20082444
8,36,2.3831246,0.2265178
8,37,2.4137328,0.21293235
8,38,2.451708,0.19953512
8,39,2.0700107,0.21432278
8,40,2.043155,0.2114796
8,41,2.461372,0.1857847
8,42,2.141915,0.26669225
8,43,2.2468078,0.24251705
8,44,2.0387042,0.21989787
8,45,1.9996783,0.20185538
8,46,2.3119237,0.21450074
8,47,2.189111,0.21297401
8,48,2.0488083,0.19620247
8,49,2.039302,0.21707146
8,50,1.9063072,0.26195687
9,0,2.4788203,0.21991147
9,1,2.466269,0.18522313
9,2,2.0946617,0.27213466
9,3,2.2533686,0.21240862
9,4,2.3961928,0.2454097
9,5,2.5312583,0.2267028
9,6,2.136305,0.22701757
9,7,2.3361938,0.22382452
9,8,2.1860378,0.22523816
9,9,2.553959,0.19651884
9,10,2.3639083,0.1871211
9,11,2.3886693,0.22814898
9,12,2.357416,0.22744915
9,13,2.1170876,0.25840762
9,14,2.265549,0.20951709
9,15,2.1208274,0.2971091
9,16,1.9556408,0.26066706
9,17,2.145134,0.25066167
9,18,2.1760845,0.23295927
9,19,2.1214879,0.20187204
9,20,2.1420646,0.23332731
9,21,2.3658,0.18436499
9,22,2.4966815,0.19411898
9,23,2.6686974,0.1947592
9,24,2.4740884,0.1618158
9,25,2.2174947,0.21857436
9,26,2.238838,0.22891763
9,27,2.2351122,0.18387163
9,28,2.3088763,0.18180816
9,29,2.2761023,0.23016904
9,30,2.2863235,0.23907064
9,31,2.0305462,0.24435905
9,32,1.945523,0.26867843
9,33,1.8690279,0.21091785
9,34,2.1866724,0.20100899
9,35,2.44907,0.20094688
9,36,2.423151,0.2063785
9,37,2.2625377,0.18425457
9,38,2.322465,0.25655538
9,39,2.087168,0.20786685
9,40,2.2008,0.22326082
9,41,2.4881914,0.25929356
9,42,2.4373126,0.22756176
9,43,2.5413945,0.23593192
9,44,2.0829153,0.2409447
9,45,2.103397,0.24588537
9,46,2.3946185,0.16201888
9,47,2.5679536,0.21055284
9,48,2.730013,0.26568705
9,49,2.3867483,0.197944
9,50,2.568629,0.17343898
10,0,2.2505314,0.35008436
10,1,2.49763,0.21528053
10,2,2.3790872,0.21022038
10,3,2.8463519,0.26815215
10,4,2.7397263,0.23929128
10,5,2.3974547,0.19100629
10,6,2.5443943,0.26059857
10,7,2.4148037,0.24726847
10,8,2.4156802,0.217118
10,9,2.385958,0.20420837
10,10,2.4422965,0.20756651
10,11,2.2209053,0.22335266
10,12,2.1672318,0.2075529
10,13,2.2010028,0.25804755
10,14,2.1366367,0.22894727
10,15,2.4470916,0.21522398
10,16,2.4785848,0.24635954
10,17,2.138181,0.2068495
10,18,2.0909324,0.24540277
10,19,2.1363864,0.2233832
10,20,2.2744362,0.17197216
10,21,2.3598711,0.19385162
10,22,2.1840355,0.22636586
10,23,2.3358657,0.19281612
10,24,2.2298956,0.2089756
10,25,2.3584898,0.20443624
10,26,2.0355527,0.18995582
10,27,1.7741799,0.19396754
10,28,2.188707,0.21658364
10,29,2.1228871,0.25138247
10,30,2.0094922,0.20414965
10,31,2.4234145,0.2562886
10,32,2.226135,0.26739243
10,33,2.1692286,0.22593324
10,34,2.6687136,0.21434031
10,35,2.7384832,0.17630139
10,36,2.5890486,0.2219652
10,37,2.1538174,0.2337217
10,38,2.1786947,0.16354553
10,39,2.2823372,0.20494506
10,40,2.2138815,0.18673995
10,41,2.1725168,0.18325704
10,42,2.2320993,0.17358993
10,43,2.1389527,0.16963895
10,44,2.0820913,0.18939522
10,45,2.0121572,0.24264465
10,46,2.1024067,0.25433657
10,47,1.9107368,0.23329338
10,48,1.846418,0.22850375
10,49,1.9411719,0.22590235
10,50,2.1220698,0.23888299
11,0,2.078575,0.19618069
11,1,2.417924,0.20924106
11,2,2.4554942,0.25493023
11,3,2.5170324,0.21645513
11,4,2.2581818,0.19008379
11,5,1.9273192,0.18307711
11,6,2.1743362,0.26230815
11,7,2.1053731,0.18566094
11,8,2.1398537,0.26148945
11,9,2.282852,0.22428618
11,10,2.1831956,0.21184072
11,11,2.0780237,0.23531201
11,12,2.0416598,0.27241272
11,13,2.366465,0.173685
11,14,2.6477962,0.20752774
11,15,2.489688,0.21197776
11,16,2.18873,0.19165878
11,17,2.4087884,0.18733276
11,18,2.3263426,0.2499645
11,19,2.4461863,0.21782148
11,20,2.4287393,0.23636019
11,21,2.2073107,0.27038378
11,22,2.023883,0.16822983
11,23,2.1488822,0.23322119
11,24,1.8897511,0.22925088
11,25,2.1857896,0.24321595
11,26,2.2156503,0.21582922
11,27,2.163845,0.1812621
11,28,2.1153853,0.17555095
11,29,2.333115,0.18273385
11,30,2.2187655,0.20483464
11,31,2.0828915,0.21835825
11,32,2.2374134,0.17639036
11,33,2.5100513,0.19590835
11,34,2.2571452,0.17811139
11,35,2.2766497,0.18609977
11,36,2.306628,0.25936642
11,37,2.1543167,0.17745899
11,38,2.1943536,0.21327458
11,39,2.0777051,0.19033787
11,40,2.1985514,0.25516105
11,41,2.2059536,0.21703278
11,42,2.3903217,0.24103631
11,43,2.4575927,0.19308116
11,44,2.4097211,0.21744902
11,45,2.0766473,0.20391278
11,46,2.1182275,0.23082833
11,47,2.2233665,0.21201439
11,48,2.279985,0.1944234
11,49,2.41395,0.18599583
11,50,2.5678308,0.21234117
12,0,2.4854872,0.1838073
12,1,2.3490503,0.21091953
12,2,2.3778558,0.18139657
12,3,2.4074562,0.19533913
12,4,2.214411,0.19348775
12,5,2.2248387,0.19404311
12,6,2.1795437,0.20899019
12,7,2.0746436,0.20217548
12,8,2.2833211,0.19476317
12,9,2.2236316,0.20208578
12,10,2.091038,0.21549849
12,11,1.9995273,0.23089455
12,12,2.1505802,0.19505443
12,13,2.0128264,0.2310837
12,14,2.018781,0.20114
12,15,2.1565704,0.24966457
12,16,2.1949608,0.23089884
12,17,2.2239492,0.24265917
12,18,2.1189954,0.21123777
12,19,2.3146362,0.19305946
12,20,2.336969,0.19887681
12,21,2.418535,0.20522606
12,22,2.3836331,0.18552968
12,23,2.209004,0.19994007
12,24,2.471815,0.22075579
12,25,2.207566,0.184832
12,26,2.1913552,0.22432122
12,27,2.1875021,0.20110771
12,28,2.0368354,0.22666377
12,29,2.169422,0.21911785
12,30,2.1024382,0.25132257
12,31,2.1106992,0.24435963
12,32,2.2122264,0.2574066
12,33,2.222983,0.19298941
12,34,2.1004078,0.2226311
12,35,2.0145645,0.21617599
12,36,2.073641,0.19989856
12,37,2.186185,0.20967104
12,38,2.1794906,0.22688504
12,39,2.4310274,0.20065416
12,40,2.3922386,0.22994992
12,41,2.199553,0.19536223
12,42,2.1721008,0.18295678
12,43,2.4216158,0.20657228
12,44,2.2160656,0.1985783
12,45,2.2930133,0.1862063
12,46,2.297821,0.20808735
12,47,2.4258626,0.2600535
12,48,2.1816208,0.19960235
12,49,2.2139683,0.18925595
12,50,2.216559,0.23335248
13,0,2.1305082,0.21078765
13,1,2.160259,0.26039076
13,2,2.126192,0.22134969
13,3,2.0937066,0.22271399
13,4,2.303719,0.19044617
13,5,2.3533792,0.21600488
13,6,2.2927856,0.20798457
13,7,2.2176867,0.17170969
13,8,2.3026307,0.23085426
13,9,2.2356546,0.24157044
13,10,2.3082628,0.19121608
13,11,2.1392357,0.25892162
13,12,2.1369205,0.23215927
13,13,2.1873312,0.20410515
13,14,2.1195304,0.24412055
13,15,2.1387181,0.18935493
13,16,2.2778556,0.228509
13,17,2.139114,0.1963695
13,18,2.3247,0.19344003
13,19,2.4609933,0.17697151
13,20,2.2292747,0.19392121
13,21,2.1923347,0.1824565
13,22,2.2516825,0.24081033
13,23,2.109505,0.215845
13,24,2.3829124,0.2164783
13,25,2.2296224,0.23669876
13,26,2.181884,0.24980722
13,27,2.2449899,0.21869433
13,28,2.0740511,0.24080737
13,29,2.1716163,0.23228592
13,30,2.1539602,0.2204043
13,31,2.2208145,0.216807
13,32,2.6171854,0.24721405
13,33,2.2581952,0.21791434
13,34,2.2341855,0.19650926
13,35,2.0266645,0.32913712
13,36,2.2664504,0.24794558
13,37,2.3764582,0.19982381
13,38,2.6152864,0.24704996
13,39,2.2600813,0.19961792
13,40,2.4414718,0.18690678
13,41,2.3831325,0.25679258
13,42,2.103864,0.2787256
13,43,2.2763257,0.1851281
13,44,2.214271,0.17343079
13,45,2.684126,0.25155872
13,46,2.1882932,0.17770119
13,47,2.305808,0.19533513
13,48,1.973053,0.25873944
13,49,2.3353162,0.17656265
13,50,2.24479,0.19194005
14,0,2.0729957,0.24625844
14,1,2.3429453,0.2528946
14,2,2.2974176,0.1957662
14,3,2.0203652,0.22400266
14,4,2.246428,0.24052091
14,5,2.036018,0.19837128
14,6,2.3341439,0.18916933
14,7,2.16245,0.23456998
14,8,2.2425995,0.17445056
14,9,2.130882,0.21633008
14,10,2.1956112,0.21016847
14,11,2.565641,0.18685442
14,12,2.2157228,0.21386653
14,13,2.409537,0.22999372
14,14,2.4115005,0.25005504
14,15,2.1813033,0.18992926
14,16,2.0558343,0.18834178
14,17,2.147096,0.20138979
14,18,2.380496,0.2180742
14,19,2.0648208,0.20035407
14,20,2.0540676,0.2276451
14,21,2.0509553,0.23627645
14,22,2.3063228,0.24174362
14,23,2.2593396,0.20228097
14,24,2.4537854,0.19169304
14,25,2.2761922,0.19678868
14,26,2.1891882,0.19842274
14,27,2.358099,0.16210032
14,28,2.3400846,0.17231783
14,29,2.210862,0.22594938
14,30,2.4017425,0.1754278
14,31,2.3149626,0.24219711
14,32,2.2205923,0.19732831
14,33,1.9951711,0.17654665
14,34,2.1276984,0.24179375
14,35,2.49656,0.2548753
14,36,2.0805542,0.2259162
14,37,2.110636,0.20154838
14,38,2.2409277,0.24173878
14,39,2.191924,0.18810998
14,40,2.218507,0.19391258
14,41,2.3404822,0.24699526
14,42,2.267521,0.18041076
14,43,1.9642624,0.2277603
14,44,2.191892,0.24373026
14,45,2.034172,0.21025304
14,46,2.0828292,0.18623267
14,47,2.2946308,0.20112759
14,48,2.2631907,0.23327515
14,49,2.142767,0.20069598
14,50,2.2846553,0.2084455
15,0,2.0493014,0.25458434
15,1,1.8402965,0.22211546
15,2,1.8029964,0.2571297
15,3,1.857634,0.24254224
15,4,2.0576942,0.2571082
15,5,2.3364303,0.24095443
15,6,2.1821902,0.20155431
15,7,2.166576,0.18765089
15,8,2.3360102,0.23028888
15,9,2.3272502,0.20433903
15,10,2.6714172,0.16692989
15,11,2.6721578,0.23357445
15,12,2.366078,0.18100047
15,13,2.4325492,0.19859047
15,14,2.4983647,0.21716042
15,15,2.2095287,0.21611515
15,16,2.1403534,0.28047642
15,17,1.7730389,0.289728
15,18,1.9006556,0.2497576
15,19,2.016353,0.27985522
15,20,2.046264,0.23465562
15,21,2.2989647,0.24920654
15,22,2.4367661,0.1935972
15,23,2.4901855,0.22670406
15,24,2.3897011,0.18840164
15,25,2.4997606,0.13409252
15,26,2.8474052,0.17220008
15,27,2.577368,0.21303645
15,28,2.5138319,0.18332554
15,29,2.5484183,0.15765826
15,30,2.3066363,0.20757645
15,31,2.18815,0.19553372
15,32,2.0250757,0.232396
15,33,2.037691,0.22577973
15,34,2.1200655,0.23602277
15,35,1.9668442,0.22796114
15,36,1.9914107,0.23176946
15,37,2.1270158,0.18378845
15,38,2.083499,0.23462844
15,39,2.3417938,0.18703394
15,40,2.3737452,0.21917467
15,41,2.2090375,0.20947061
15,42,2.2301586,0.26235119
15,43,2.1621766,0.21216844
15,44,2.1859262,0.22253329
15,45,2.4471622,0.21403493
15,46,2.2744026,0.24018483
15,47,2.1118565,0.21462055
15,48,1.9315759,0.17800677
15,49,2.1980193,0.22307248
15,50,2.3916101,0.22861545
16,0,2.1471488,0.1683329
16,1,2.818269,0.21837832
16,2,2.4197462,0.19052663
16,3,2.2989726,0.22705834
16,4,2.4373505,0.20999795
16,5,2.4281306,0.22335796
16,6,2.1268725,0.19500571
16,7,2.4103792,0.30858746
16,8,2.3591394,0.20428742
16,9,2.0344393,0.2554505
16,10,2.1431801,0.24620937
16,11,2.3997812,0.2263215
16,12,2.3800972,0.22186062
16,13,2.1850216,0.17563663
16,14,2.1029139,0.21858723
16,15,2.118294,0.22616346
16,16,2.0502295,0.21884046
16,17,2.2341166,0.19704357
16,18,2.327882,0.22175467
16,19,2.2352674,0.20669448
16,20,2.1714616,0.2700798
16,21,2.2337196,0.19407532
16,22,2.3358674,0.24185148
16,23,2.2052255,0.26179036
16,24,2.1977623,0.19671999
16,25,2.1281488,0.24523188
16,26,2.1441736,0.2525095
16,27,2.1799564,0.194472
16,28,2.387206,0.20360678
16,29,2.2912228,0.20584802
16,30,2.3660266,0.19892615
16,31,2.1560023,0.21421424
16,32,2.2327373,0.19088905
16,33,2.5555186,0.20055915
16,34,2.14123,0.22532104
16,35,2.1913123,0.206938
16,36,2.1227317,0.24833618
16,37,2.3737473,0.25486904
16,38,2.208592,0.21072355
16,39,2.3609488,0.23500392
16,40,2.8710475,0.2576461
16,41,2.572419,0.21651274
16,42,2.3077075,0.25243226
16,43,2.5292084,0.3166076
16,44,2.147848,0.24702719
16,45,2.4422724,0.25332564
16,46,2.8545308,0.2684081
16,47,2.3654294,0.22466652
16,48,1.9894979,0.27597272
16,49,2.0045571,0.3037666
16,50,1.8732113,0.17123233
17,0,2.1755583,0.22737743
17,1,2.2229114,0.20766023
17,2,2.3544536,0.21158764
17,3,2.2953064,0.18722653
17,4,2.204821,0.26435822
17,5,2.1439984,0.20668833
17,6,2.334255,0.1768775
17,7,2.7044961,0.1810329
17,8,2.3825374,0.22583932
17,9,2.475715,0.21067888
17,10,2.2371438,0.2019474
17,11,2.0583947,0.23652337
17,12,2.0546877,0.19593813
17,13,2.1592348,0.19616966
17,14,2.2845635,0.22993712
17,15,2.2065547,0.15816057
17,16,2.324854,0.20053272
17,17,2.1111875,0.23030795
17,18,2.1923711,0.21147089
17,19,2.084959,0.21242915
17,20,2.237439,0.22704448
17,21,2.3956456,0.24836479
17,22,2.3893933,0.17206399
17,23,2.3321118,0.1873566
17,24,2.403355,0.16841689
17,25,2.3489435,0.17326191
17,26,2.3690207,0.20107697
17,27,2.2581975,0.15681669
17,28,2.4317112,0.22541037
17,29,2.2565353,0.20275714
17,30,1.9752666,0.22295217
17,31,2.1188805,0.17914353
17,32,2.2595124,0.22343124
17,33,2.1412985,0.20798536
17,34,2.4307845,0.20727101
17,35,2.2473261,0.21891277
17,36,2.1696157,0.21405813
17,37,2.1129074,0.24356814
17,38,2.1383345,0.23557442
17,39,2.440351,0.20956814
17,40,2.3444574,0.1909809
17,41,2.4866483,0.2428996
17,42,2.3423002,0.21047702
17,43,2.0413816,0.20311259
17,44,2.1563175,0.24056078
17,45,2.0697656,0.24231969
17,46,2.15084,0.22998671
17,47,2.083895,0.26382557
17,48,2.0919647,0.23082383
17,49,2.122411,0.23873658
17,50,2.2789989,0.16620126
18,0,2.0612118,0.24233727
18,1,2.3808105,0.2957347
18,2,2.2080524,0.201032
18,3,2.2981615,0.21520624
18,4,2.0701146,0.2377147
18,5,2.4121027,0.22749397
18,6,2.7320685,0.22003262
18,7,2.4441392,0.18149686
18,8,2.252977,0.20867246
18,9,2.309856,0.19707783
18,10,2.249479,0.18358587
18,11,2.0241404,0.16885872
18,12,2.3276012,0.16198331
18,13,2.1900516,0.22472641
18,14,2.064466,0.21579966
18,15,2.00175,0.21215315
18,16,1.9442806,0.25102195
18,17,2.1426861,0.17756917
18,18,2.0689726,0.20331638
18,19,2.0756042,0.21661328
18,20,2.3180983,0.19144279
18,21,2.116692,0.18038242
18,22,2.3742898,0.19646102
18,23,2.4277992,0.2373318
18,24,2.1197894,0.17750193
18,25,2.1379287,0.20932908
18,26,2.118211,0.23247567
18,27,2.1481743,0.22880982
18,28,2.5346322,0.21420614
18,29,2.3036253,0.21320488
18,30,2.4121835,0.23538622
18,31,2.215863,0.22523074
18,32,2.3267825,0.23963705
18,33,2.2119446,0.25005504
18,34,2.3298712,0.22709915
18,35,2.1032279,0.24192107
18,36,2.1522646,0.27990985
18,37,2.104507,0.24648227
18,38,2.0454438,0.24293709
18,39,2.4748864,0.21501233
18,40,2.6477575,0.22346868
18,41,2.3986423,0.1962544
18,42,2.313046,0.19815844
18,43,2.2366943,0.30538622
18,44,2.4664092,0.20991977
18,45,2.3451698,0.18856238
18,46,2.8565452,0.22093692
18,47,2.507084,0.19495952
18,48,2.077654,0.23047663
18,49,2.188862,0.22536713
18,50,1.9746372,0.21925464
19,0,2.168051,0.26684266
19,1,2.1511037,0.20949818
19,2,2.0927446,0.19820058
19,3,2.1537702,0.21485291
19,4,2.2043452,0.21989588
19,5,2.2684925,0.2024054
19,6,2.5043588,0.21314447
19,7,2.2471824,0.17528838
19,8,2.3486838,0.24670348
19,9,2.3789382,0.23595318
19,10,2.3777726,0.18383849
19,11,2.2727008,0.19458164
19,12,2.3826976,0.24299918
19,13,2.3079484,0.20701438
19,14,2.2485921,0.18721184
19,15,1.9998379,0.22687885
19,16,2.0530329,0.24057777
19,17,2.1822965,0.27263302
19,18,2.2615402,0.24310867
19,19,2.3680825,0.18947877
19,20,2.4749916,0.19492385
19,21,2.0801883,0.19316173
19,22,2.1148467,0.23461308
19,23,1.9718904,0.18699881
19,24,2.0500472,0.18525414
19,25,2.121063,0.23234949
19,26,2.1193564,0.20931129
19,27,2.0151691,0.22530599
19,28,1.9731387,0.25420415
19,29,2.0901718,0.1957253
19,30,2.0180624,0.18136053
19,31,2.0580697,0.23440857
19,32,2.279813,0.20263925
19,33,2.4774196,0.1846256
19,34,2.5676541,0.18333021
19,35,2.2830439,0.2072911
19,36,2.1280081,0.26759326
19,37,2.3520725,0.22328916
19,38,2.506361,0.18798295
19,39,2.6390839,0.19484039
19,40,2.46921,0.13726674
19,41,2.321928,0.21324001
19,42,2.3943372,0.24246806
19,43,2.3553796,0.16142733
19,44,2.251228,0.2089618
19,45,2.0306332,0.25655547
19,46,2.097677,0.19650064
19,47,1.9326297,0.27189568
19,48,1.8601654,0.24027118
19,49,2.0976026,0.22203228
19,50,2.4677935,0.2867781
20,0,2.1431584,0.25119975
20,1,2.3038154,0.22498862
20,2,2.4431174,0.14706141
20,3,2.2739604,0.21403803
20,4,2.3937461,0.18983026
20,5,2.5517557,0.17734946
20,6,2.487335,0.20299977
20,7,2.4260077,0.26183203
20,8,2.2221272,0.16410848
20,9,2.121489,0.21756935
20,10,1.9663408,0.2274888
20,11,1.9926317,0.25318897
20,12,2.2537587,0.25441104
20,13,2.3277605,0.18475817
20,14,2.3193245,0.16576058
20,15,2.2591481,0.20599939
20,16,2.2609892,0.2514375
20,17,2.5124643,0.14991
20,18,2.9170163,0.173134
20,19,2.45953,0.22719982
20,20,2.4071736,0.13249697
20,21,2.5451405,0.18432364
20,22,2.1591368,0.23198289
20,23,1.9255587,0.24837364
20,24,2.2694883,0.26366332
20,25,2.3341758,0.2400032
20,26,2.2509944,0.2022603
20,27,2.0723963,0.19394682
20,28,1.986585,0.21979767
20,29,1.9351692,0.21982184
20,30,2.1228974,0.22462007
20,31,2.1365013,0.23367319
20,32,2.2826693,0.23205203
20,33,2.258537,0.19100928
20,34,2.4228218,0.18539645
20,35,2.5500298,0.17406806
20,36,2.496062,0.20343715
20,37,2.0520241,0.19423789
20,38,2.0195203,0.19524696
20,39,2.3273923,0.21304119
20,40,2.3200753,0.20195563
20,41,2.3259764,0.29337218
20,42,2.3820066,0.24358326
20,43,2.1446054,0.24710532
20,44,2.0757935,0.35405844
20,45,2.0008461,0.28130758
20,46,2.2303894,0.19674563
20,47,2.4456513,0.23748943
20,48,2.257838,0.267036
20,49,2.175627,0.21787211
20,50,1.7651967,0.3551036
21,0,1.941094,0.4133356
21,1,2.167676,0.22226135
21,2,2.7327774,0.3208748
21,3,3.1425998,0.2773549
21,4,2.600403,0.16867392
21,5,2.5286593,0.21106578
21,6,2.4326496,0.24948673
21,7,2.5590816,0.22522187
21,8,2.5974116,0.1465089
21,9,2.8767667,0.19638656
21,10,2.7295077,0.17957865
21,11,2.2607963,0.17343377
21,12,2.4605649,0.20753916
21,13,2.173861,0.22408178
21,14,2.3007042,0.22133128
21,15,2.147821,0.19746299
21,16,2.3231533,0.21938786
21,17,1.8744843,0.21484257
21,18,2.0882454,0.24394508
21,19,2.1511455,0.18267822
21,20,2.106814,0.22674854
21,21,2.1476414,0.17755821
21,22,2.4481628,0.25737545
21,23,2.4314258,0.20707558
21,24,2.2493057,0.22211257
21,25,2.4075837,0.18884216
21,26,2.0536375,0.23150894
21,27,2.2269876,0.1909067
21,28,2.4573975,0.23010404
21,29,2.2770104,0.24311863
21,30,2.2064912,0.19450884
21,31,1.9834204,0.23391701
21,32,2.1463652,0.24011412
21,33,1.8867195,0.24277598
21,34,2.0410872,0.2119147
21,35,2.0069551,0.18200408
21,36,1.9522692,0.21706164
21,37,2.2611837,0.25031525
21,38,2.2290015,0.22405289
21,39,1.8794488,0.23782471
21,40,2.1294525,0.19103028
21,41,2.5514643,0.1907646
21,42,2.503155,0.21959142
21,43,2.3017552,0.19478962
21,44,2.2120867,0.17096354
21,45,2.2483304,0.22459064
21,46,2.4238322,0.18948801
21,47,2.093847,0.19761579
21,48,2.2408702,0.2167663
21,49,2.2120476,0.24950634
21,50,2.2326496,0.2288589
22,0,1.9240621,0.21798502
22,1,2.1360614,0.23706646
22,2,2.1471422,0.21940011
22,3,2.3476107,0.17130901
22,4,2.2979107,0.18922718
22,5,2.2367263,0.18890943
22,6,2.4795477,0.24226539
22,7,2.292471,0.19589439
22,8,2.3403282,0.22429946
22,9,2.3213289,0.20455815
22,10,2.2179172,0.19259244
22,11,2.1433823,0.17045043
22,12,2.4641845,0.20721683
22,13,2.216721,0.1625782
22,14,1.9880017,0.21380919
22,15,2.0352318,0.19486907
22,16,2.2311273,0.225359
22,17,2.0230618,0.2321076
22,18,2.3568585,0.25073847
22,19,2.321879,0.19609115
22,20,2.431224,0.3007874
22,21,2.224866,0.24579446
22,22,1.9436897,0.24527377
22,23,1.9975646,0.22739778
22,24,1.9612513,0.21544506
22,25,2.0962155,0.22590482
22,26,2.4851549,0.18774685
22,27,2.1570976,0.19381657
22,28,2.1559744,0.21224828
22,29,2.1210546,0.16491315
22,30,2.3352518,0.20460883
22,31,2.2236447,0.18284148
22,32,2.070977,0.21523683
22,33,1.9163985,0.18809351
22,34,2.242474,0.21344367
22,35,2.1083035,0.17786916
22,36,2.2947564,0.1799906
22,37,2.467916,0.22297306
22,38,2.2880132,0.18801221
22,39,2.233157,0.2007883
22,40,1.9957348,0.16803053
22,41,2.1838396,0.21041384
22,42,1.9494898,0.21135607
22,43,2.206026,0.22047772
22,44,2.0772197,0.19604418
22,45,2.385921,0.22356205
22,46,2.2132678,0.20632425
22,47,1.9061574,0.18335932
22,48,2.185805,0.24907432
22,49,2.338882,0.19654247
22,50,2.5808418,0.20211005
23,0,2.3192747,0.25591156
23,1,2.4018643,0.20934066
23,2,2.1303205,0.20801152
23,3,2.0249846,0.29319972
23,4,2.1664937,0.2095341
23,5,2.3513005,0.23339097
23,6,3.0406084,0.2586242
23,7,2.4703474,0.2404952
23,8,2.2396703,0.25682792
23,9,2.2844465,0.2513232
23,10,2.2892294,0.29316014
23,11,2.5706148,0.14646931
23,12,3.348881,0.22322533
23,13,2.7729151,0.19076858
23,14,2.575832,0.20813219
23,15,1.999826,0.29766324
23,16,1.9611396,0.21947865
23,17,2.4740305,0.17879577
23,18,2.7353067,0.2127257
23,19,2.6922095,0.15794325
23,20,2.3914795,0.24085027
23,21,2.3744621,0.22513504
23,22,2.0883856,0.25980523
23,23,2.3759823,0.19524081
23,24,2.3856144,0.226148
23,25,2.2870977,0.21980774
23,26,2.198926,0.17658249
23,27,1.9857202,0.22534794
23,28,2.013307,0.20383687
23,29,2.0658364,0.24186206
23,30,2.3770895,0.22925782
23,31,2.033488,0.2711151
23,32,1.8998947,0.21849336
23,33,2.2519193,0.2577592
23,34,2.1810827,0.21671599
23,35,2.5005295,0.18094352
23,36,2.6393588,0.21297744
23,37,2.5229268,0.14163204
23,38,2.1118665,0.21731368
23,39,2.2557254,0.21634239
23,40,2.1565878,0.24239424
23,41,2.3980315,0.21297978
23,42,2.3464878,0.25315636
23,43,2.1200068,0.20132405
23,44,2.1729865,0.20704037
23,45,2.1248202,0.24281606
23,46,2.1774523,0.2363527
23,47,2.143948,0.18115759
23,48,2.329227,0.26540342
23,49,2.4214778,0.18806075
23,50,2.5209403,0.15798062
24,0,2.2376862,0.20016778
24,1,2.32961,0.17735706
24,2,2.3497157,0.18027104
24,3,2.251111,0.21183607
24,4,2.310598,0.22111653
24,5,2.0351532,0.17940895
24,6,1.8548051,0.20691988
24,7,2.0312052,0.21138299
24,8,2.2128942,0.21353774
24,9,2.250136,0.19600175
24,10,2.1812646,0.25015518
24,11,2.0685112,0.21520333
24,12,2.245947,0.15939374
24,13,2.3881116,0.19816318
24,14,2.380911,0.16380204
24,15,2.7193904,0.20351778
24,16,2.6657498,0.213367
24,17,2.683143,0.18200283
24,18,2.3859315,0.19468682
24,19,2.3322482,0.23594229
24,20,2.317134,0.21927074
24,21,2.5482562,0.21168575
24,22,2.3862865,0.2280092
24,23,2.3697236,0.19453129
24,24,2.0811048,0.20237836
24,25,1.9674832,0.21283157
24,26,1.819032,0.22169068
24,27,2.2152715,0.23200142
24,28,2.4280052,0.21409498
24,29,2.2007208,0.22822878
24,30,2.118319,0.23737636
24,31,2.0842986,0.19801229
24,32,2.1242387,0.20252667
24,33,2.237365,0.23126586
24,34,2.1969054,0.21922751
24,35,2.2370205,0.2662617
24,36,1.9618995,0.20322944
24,37,1.829568,0.19569992
24,38,1.9962518,0.2388574
24,39,2.2800934,0.21951321
24,40,2.2521825,0.2700132
24,41,2.1940105,0.22500643
24,42,2.2244754,0.20205301
24,43,2.1919374,0.2033751
24,44,2.2782779,0.20316769
24,45,2.2297163,0.18704857
24,46,2.3055017,0.18981786
24,47,2.4267213,0.22035636
24,48,2.3652973,0.20674668
24,49,2.2581198,0.26172912
24,50,2.2099383,0.21891674
25,0,1.8121969,0.23528096
25,1,1.9578983,0.21409492
25,2,2.1630933,0.2414277
25,3,2.094098,0.1801937
25,4,2.2255394,0.24117234
25,5,2.1127183,0.19367999
25,6,2.1362197,0.19772825
25,7,2.2586212,0.23022471
25,8,2.497044,0.2312534
25,9,2.584004,0.21210057
25,10,2.4995053,0.15061392
25,11,2.3615496,0.24302895
25,12,2.1532276,0.25055557
25,13,2.2697325,0.16317593
25,14,2.2783241,0.21531874
25,15,2.4072702,0.2347146
25,16,2.32815,0.19846904
25,17,2.35445,0.20311502
25,18,2.057316,0.24892303
25,19,1.8158094,0.2341379
25,20,1.946463,0.2563842
25,21,2.3411539,0.26645178
25,22,2.1939633,0.22816971
25,23,2.1380024,0.23382424
25,24,1.9489152,0.1979774
25,25,2.202916,0.19683497
25,26,2.3508875,0.19726932
25,27,2.5075133,0.21973015
25,28,2.364297,0.18910255
25,29,2.3525748,0.20288856
25,30,2.389935,0.192592
25,31,2.0251963,0.1735773
25,32,2.2718515,0.16426398
25,33,2.4587588,0.19688834
25,34,2.5070763,0.22229388
25,35,2.2994897,0.21659851
25,36,1.7406806,0.18576749
25,37,2.0420592,0.24248628
25,38,2.270324,0.20058087
25,39,2.290487,0.17955971
25,40,2.2195702,0.18861304
25,41,2.102571,0.22770086
25,42,1.9286106,0.23043492
25,43,2.025071,0.19700833
25,44,2.1626482,0.2551115
25,45,2.0875454,0.25103265
25,46,2.1449032,0.21371752
25,47,2.229159,0.22203992
25,48,2.2651896,0.19416913
25,49,2.3779676,0.21897446
25,50,2.3849247,0.20924287
26,0,2.391449,0.24616973
26,1,2.4546254,0.24330783
26,2,2.0575998,0.2083267
26,3,1.7746782,0.24455068
26,4,2.133689,0.25318244
26,5,2.28283,0.18999977
26,6,2.367082,0.22737417
26,7,2.3656328,0.17788771
26,8,2.2210958,0.18815298
26,9,2.098584,0.27629492
26,10,2.192482,0.25376317
26,11,2.1904972,0.2081791
26,12,2.2119315,0.23341893
26,13,2.404064,0.19291294
26,14,2.1706998,0.2675159
26,15,2.126839,0.22962345
26,16,2.0850694,0.20226623
26,17,1.9969125,0.25552914
26,18,2.145156,0.23198597
26,19,2.0737646,0.225748
26,20,2.0952096,0.27246264
26,21,2.1817856,0.2428305
26,22,2.2021515,0.21013628
26,23,2.4487112,0.18435238
26,24,2.3538196,0.174971
26,25,2.2246888,0.16993129
26,26,2.455132,0.21618047
26,27,2.213061,0.18153143
26,28,2.4242017,0.19613591
26,29,2.306511,0.19167978
26,30,2.3940082,0.18267101
26,31,2.1057627,0.19388182
26,32,2.1726217,0.23886815
26,33,2.2340717,0.18458779
26,34,2.093804,0.25572044
26,35,2.1732233,0.20767425
26,36,1.8833764,0.21770234
26,37,2.0052838,0.26813287
26,38,2.0107415,0.2515619
26,39,1.7690595,0.29169253
26,40,1.7981522,0.27852398
26,41,1.9768174,0.24198316
26,42,2.5015967,0.2184045
26,43,2.765229,0.21404994
26,44,2.719985,0.22529595
26,45,2.5933409,0.18035927
26,46,2.830746,0.19006921
26,47,2.5730596,0.18365054
26,48,2.6625826,0.18587543
26,49,2.9731467,0.16934164
26,50,2.7094774,0.19945948
27,0,2.5454597,0.19439611
27,1,2.2195983,0.21048413
27,2,1.9485953,0.24721113
27,3,1.986766,0.24405801
27,4,2.1540766,0.21772815
27,5,2.4586084,0.1945639
27,6,2.1074562,0.20523438
27,7,2.0152667,0.21368918
27,8,1.9239913,0.20288877
27,9,2.1038063,0.18440649
27,10,2.2712736,0.23887818
27,11,2.247255,0.21451457
27,12,2.3885822,0.1971679
27,13,1.9977877,0.21299644
27,14,2.2451496,0.1985206
27,15,2.1259878,0.18775707
27,16,2.44173,0.19305272
27,17,2.6057312,0.23406723
27,18,2.531773,0.18343084
27,19,2.2973769,0.19883828
27,20,2.4930947,0.19460897
27,21,1.9427698,0.19863656
27,22,1.8800801,0.18870224
27,23,2.1561708,0.21215144
27,24,2.2847376,0.18344815
27,25,2.0331802,0.27403492
27,26,2.1335702,0.21410255
27,27,2.0973737,0.2350047
27,28,1.9448124,0.24322462
27,29,2.2139087,0.23059489
27,30,2.2474797,0.19859512
27,31,2.5889928,0.21251206
27,32,2.362292,0.20922464
27,33,2.1966767,0.25602862
27,34,2.173531,0.20525508
27,35,2.0154831,0.2146539
27,36,2.429517,0.2663658
27,37,2.2808566,0.19748133
27,38,2.1134086,0.22235048
27,39,2.1096642,0.19957934
27,40,2.0205436,0.28383833
27,41,1.8640816,0.23622322
27,42,2.382631,0.21979555
27,43,2.4730413,0.21780337
27,44,2.5941741,0.17924602
27,45,2.3146548,0.18123262
27,46,2.1662889,0.28041142
27,47,2.3655086,0.21696196
27,48,2.5713873,0.18405962
27,49,2.5794408,0.21802838
27,50,2.3586829,0.19806825
28,0,2.3083062,0.21885012
28,1,2.2912328,0.21390493
28,2,1.9446225,0.18284246
28,3,2.0181408,0.25016743
28,4,2.2005107,0.2940008
28,5,2.173801,0.22468834
28,6,2.0403874,0.21319161
28,7,2.0327945,0.26935634
28,8,1.9478595,0.2124182
28,9,2.2679949,0.24197644
28,10,2.135911,0.1842713
28,11,2.0590985,0.16325985
28,12,2.106572,0.16278669
28,13,2.0737267,0.18277796
28,14,2.1527886,0.23110539
28,15,2.510865,0.18732744
28,16,2.4559948,0.17566119
28,17,2.2601767,0.20973732
28,18,2.5014663,0.18852602
28,19,2.3442533,0.16880135
28,20,2.5801218,0.23756577
28,21,2.4029832,0.20047428
28,22,2.2578437,0.20066962
28,23,1.9741458,0.245833
28,24,2.144738,0.25231004
28,25,2.206757,0.2260165
28,26,2.0942109,0.21097428
28,27,2.185986,0.25276208
28,28,2.1038578,0.22602245
28,29,2.0550559,0.24517144
28,30,2.1591744,0.24913973
28,31,2.2929077,0.22013915
28,32,2.403057,0.23161641
28,33,2.4211204,0.19317274
28,34,2.1937053,0.19830148
28,35,2.3275814,0.19191413
28,36,2.3825517,0.19571634
28,37,2.424274,0.19301262
28,38,2.6347203,0.24267119
28,39,2.9525511,0.26069856
28,40,2.610747,0.18509512
28,41,2.3310335,0.24371624
28,42,2.5120077,0.21318962
28,43,2.5345173,0.22501448
28,44,2.4945176,0.2032162
28,45,2.7025108,0.2743883
28,46,2.4935665,0.26622006
28,47,2.227096,0.21303956
28,48,2.0494034,0.2717871
28,49,1.9810063,0.31268045
28,50,1.6843557,0.28733423
29,0,1.9552597,0.22986275
29,1,1.9536026,0.28897977
29,2,1.9372406,0.29448658
29,3,1.9917095,0.22940086
29,4,2.1051059,0.21489103
29,5,2.1813395,0.24453397
29,6,2.3986385,0.23054479
29,7,2.8982859,0.15520881
29,8,2.8096008,0.1975666
29,9,3.076824,0.18678173
29,10,2.5815988,0.15287355
29,11,2.3885849,0.17500055
29,12,2.4910414,0.2705632
29,13,2.4538748,0.19218704
29,14,2.1991472,0.25072905
29,15,2.2460828,0.20992422
29,16,2.2410016,0.21558285
29,17,1.9492896,0.2663905
29,18,2.2044017,0.22166024
29,19,2.0030172,0.22539294
29,20,2.2543352,0.18565847
29,21,2.0340211,0.22939104
29,22,2.2737927,0.22450198
29,23,2.251848,0.21497555
29,24,2.378283,0.19290638
29,25,2.2976415,0.18737991
29,26,2.5109067,0.17626782
29,27,2.465192,0.18459858
29,28,2.019402,0.24082495
29,29,2.1129837,0.23942612
29,30,1.9503611,0.2093104
29,31,2.220908,0.23884575
29,32,2.3877752,0.20483468
29,33,2.037449,0.22823864
29,34,2.1381392,0.19361569
29,35,2.0653875,0.20212477
29,36,1.9524772,0.21677487
29,37,2.2640762,0.21785583
29,38,2.3488736,0.17268643
29,39,2.111178,0.17656265
29,40,2.2845764,0.17612748
29,41,2.3390396,0.17569616
29,42,2.270956,0.21348985
29,43,2.4388921,0.2133808
29,44,2.225205,0.17690969
29,45,2.0872724,0.22549142
29,46,2.1679833,0.18588427
29,47,2.2017639,0.21517555
29,48,2.3238823,0.19175644
29,49,2.284904,0.23661013
29,50,2.2185044,0.23929715
30,0,2.2129135,0.20810086
30,1,1.8684084,0.23002595
30,2,1.8378313,0.28281954
30,3,2.1961079,0.17841071
30,4,1.924041,0.22739008
30,5,2.2010715,0.22436945
30,6,2.471341,0.23245803
30,7,2.224829,0.20673276
30,8,2.2425928,0.2683565
30,9,2.2354493,0.20672773
30,10,2.3014479,0.20816536
30,11,2.2649488,0.21571936
30,12,2.6497326,0.32207292
30,13,2.4882746,0.1978397
30,14,2.1763542,0.22139715
30,15,2.25588,0.25020242
30,16,2.1948295,0.20751579
30,17,2.2399862,0.18859534
30,18,2.382376,0.17138115
30,19,2.3416505,0.20708194
30,20,2.3605237,0.20255277
30,21,2.230609,0.19216554
30,22,2.1510694,0.18556684
30,23,2.1154156,0.20943615
30,24,2.0024035,0.21485917
30,25,2.1426387,0.22247832
30,26,2.185851,0.24376558
30,27,1.8328657,0.2062554
30,28,2.0942087,0.1950697
30,29,2.1593115,0.17094375
30,30,2.1863484,0.21167319
30,31,2.5475073,0.20169249
30,32,2.3317528,0.2027214
30,33,2.3238766,0.20076622
30,34,1.8754896,0.24720791
30,35,2.1923497,0.22570261
30,36,2.3459136,0.16025181
30,37,2.4373894,0.19709957
30,38,2.643834,0.1820162
30,39,2.5359154,0.19554265
30,40,2.4692652,0.19663894
30,41,2.4444551,0.19398533
30,42,2.2206488,0.2591338
30,43,2.6939933,0.2541971
30,44,2.502931,0.20406578
30,45,2.2757032,0.3052402
30,46,2.8849628,0.26763687
30,47,2.2737625,0.20622948
30,48,1.9478693,0.23703584
30,49,2.1251771,0.27063468
30,50,1.9651328,0.20793581
31,0,2.1367474,0.22753523
31,1,2.1018682,0.24757206
31,2,2.0684288,0.24946721
31,3,2.0367372,0.21079521
31,4,2.0471873,0.2564333
31,5,2.4040856,0.21044315
31,6,2.4594948,0.25672936
31,7,2.7629266,0.2495102
31,8,2.6058862,0.22147281
31,9,2.3765292,0.19554858
31,10,2.112131,0.27160683
31,11,2.4398663,0.14444207
31,12,2.5724604,0.18834028
31,13,2.5552752,0.25620615
31,14,2.460557,0.2775361
31,15,2.0697026,0.2318736
31,16,1.8947654,0.2892217
31,17,2.0637417,0.23934498
31,18,2.1024938,0.23855361
31,19,2.58623,0.27888638
31,20,2.264475,0.23248379
31,21,2.3476245,0.23400036
31,22,2.4234533,0.3176176
31,23,2.242617,0.23619679
31,24,2.5009065,0.18778287
31,25,2.7572603,0.25312674
31,26,2.7170372,0.1815427
31,27,2.469051,0.20066892
31,28,2.3302379,0.199861
31,29,2.5147705,0.23169436
31,30,2.2683697,0.162366
31,31,2.2542927,0.18894337
31,32,2.2851005,0.20854975
31,33,2.1335793,0.2421973
31,34,2.143258,0.2040164
31,35,1.819782,0.2889408
31,36,2.0743742,0.20771259
31,37,2.3849952,0.22629045
31,38,2.3508554,0.25074422
31,39,2.3930511,0.16095318
31,40,2.2023904,0.24115701
31,41,2.51114,0.25273812
31,42,2.4745674,0.2821055
31,43,2.6395798,0.1592121
31,44,2.7507572,0.18521391
31,45,2.9161158,0.2436191
31,46,2.642601,0.19556727
31,47,2.3821354,0.16974472
31,48,2.2260492,0.29337588
31,49,2.1207292,0.2890883
31,50,2.0156152,0.20910104
32,0,2.1682274,0.25027004
32,1,2.0146399,0.26994255
32,2,2.1379666,0.2617312
32,3,1.8623571,0.24170662
32,4,2.0840373,0.2491644
32,5,1.9440047,0.2256741
32,6,2.1737757,0.20499456
32,7,2.4994173,0.18417609
32,8,2.7781262,0.23903847
32,9,2.4816759,0.16055016
32,10,2.4787815,0.13619502
32,11,2.573027,0.18762223
32,12,2.4014027,0.22006433
32,13,2.3120475,0.17455295
32,14,2.391258,0.20474571
32,15,2.281825,0.25505173
32,16,2.1101012,0.22115816
32,17,1.8200853,0.23232631
32,18,2.025952,0.27305007
32,19,1.9827664,0.19826682
32,20,2.0854628,0.24837776
32,21,2.4142597,0.24368824
32,22,2.1129336,0.21880156
32,23,2.1333227,0.24353747
32,24,2.1903408,0.22010542
32,25,2.5245583,0.20075299
32,26,2.3034244,0.19615223
32,27,2.2983418,0.17009935
32,28,2.3750362,0.16723406
32,29,2.5054266,0.15621072
32,30,2.1784933,0.20124339
32,31,2.1504047,0.2222454
32,32,2.2890437,0.26219893
32,33,2.3499773,0.18928549
32,34,2.0895255,0.23022851
32,35,2.016395,0.2557139
32,36,1.9649451,0.2452251
32,37,2.2723532,0.18011777
32,38,2.3545883,0.19025074
32,39,2.3802493,0.18168043
32,40,2.2283373,0.20865172
32,41,2.2321162,0.22677873
32,42,2.009532,0.21969064
32,43,2.3176398,0.24496058
32,44,2.36477,0.18702611
32,45,2.189999,0.20994464
32,46,2.1838014,0.17538436
32,47,2.0789893,0.19237219
32,48,1.9431319,0.19650346
32,49,2.103892,0.21419202
32,50,2.027804,0.2164148
33,0,1.9531446,0.19253722
33,1,2.0322957,0.23475216
33,2,2.3418026,0.18397653
33,3,2.2978175,0.19002743
33,4,2.1398344,0.19508353
33,5,2.25883,0.19031745
33,6,2.4505458,0.17962988
33,7,2.5474052,0.1962972
33,8,2.425909,0.1866018
33,9,2.2059581,0.18406805
33,10,2.230017,0.24871136
33,11,2.1058435,0.2449122
33,12,2.090749,0.27380088
33,13,2.1273012,0.2812306
33,14,2.2122333,0.23320599
33,15,2.3012462,0.2179217
33,16,2.1021779,0.26549622
33,17,2.2072875,0.19612877
33,18,2.219009,0.20134118
33,19,2.079044,0.22202116
33,20,2.247368,0.20826821
33,21,2.2904947,0.19780134
33,22,2.3466096,0.20337658
33,23,2.1403742,0.18466447
33,24,2.0750625,0.19711368
33,25,2.2087796,0.20662828
33,26,2.1757848,0.19120164
33,27,2.1425064,0.16618314
33,28,2.0352235,0.21254992
33,29,1.8777689,0.22634362
33,30,2.223251,0.22046736
33,31,2.1385784,0.17774308
33,32,2.36808,0.16939653
33,33,2.2061324,0.2029486
33,34,2.3571355,0.18768415
33,35,2.1559913,0.17158104
33,36,2.5145755,0.21712351
33,37,2.4812303,0.20794326
33,38,2.180278,0.2089952
33,39,2.166645,0.2126794
33,40,1.9631671,0.24419852
33,41,2.2371242,0.25422102
33,42,2.3325808,0.22960287
33,43,1.8756074,0.20781265
33,44,2.0796757,0.26831895
33,45,2.0749114,0.20627898
33,46,2.1099596,0.23539768
33,47,2.6262121,0.21900994
33,48,2.3954964,0.23506352
33,49,2.3303976,0.18506703
33,50,2.4038517,0.19160616
34,0,2.1196969,0.25106063
34,1,2.26689,0.30783764
34,2,2.3829055,0.1665496
34,3,2.2516603,0.1777358
34,4,1.9765034,0.22854193
34,5,2.331376,0.19396427
34,6,2.267636,0.19780356
34,7,2.2192216,0.19667745
34,8,2.136178,0.23794273
34,9,2.0420473,0.21276927
34,10,2.1358445,0.1829857
34,11,2.1142511,0.26284808
34,12,2.307407,0.19380286
34,13,2.3436253,0.21661285
34,14,2.145522,0.20174365
34,15,2.0349169,0.25715348
34,16,2.1808434,0.19358474
34,17,2.4198365,0.22864658
34,18,2.5876398,0.21468687
34,19,2.3271236,0.21722458
34,20,2.2559202,0.32897392
34,21,2.2500374,0.24046804
34,22,2.332234,0.18752247
34,23,2.335836,0.24098516
34,24,2.054229,0.22445995
34,25,2.1262352,0.22485387
34,26,1.9819758,0.20688908
34,27,2.1294556,0.23427399
34,28,2.3289335,0.23234126
34,29,2.3632824,0.19150096
34,30,2.2576401,0.1745894
34,31,2.118851,0.21328819
34,32,2.3500824,0.18997051
34,33,2.5495398,0.19569334
34,34,2.361395,0.14780907
34,35,2.5046456,0.2275889
34,36,2.3531976,0.16651939
34,37,2.2126899,0.21883692
34,38,2.1385303,0.24286805
34,39,2.0429556,0.22803791
34,40,1.9976144,0.20941427
34,41,2.015554,0.23709817
34,42,2.0598738,0.19197917
34,43,2.1248157,0.25436196
34,44,1.9858707,0.24877438
34,45,2.0897353,0.21424757
34,46,2.2453442,0.19698383
34,47,2.1156735,0.19612284
34,48,2.4614336,0.19096349
34,49,2.5757596,0.2142561
34,50,2.755786,0.1039274
35,0,2.4446507,0.19232146
35,1,2.2524607,0.1780854
35,2,2.3566036,0.2032342
35,3,2.3806443,0.17925845
35,4,2.3217313,0.24755348
35,5,2.2069383,0.208034
35,6,2.0844426,0.2119477
35,7,1.9750535,0.21492301
35,8,1.9142766,0.23750263
35,9,2.0284772,0.17423087
35,10,2.278355,0.2348226
35,11,2.2566524,0.18801488
35,12,2.2315133,0.16110514
35,13,2.1564138,0.24589081
35,14,2.307036,0.23238775
35,15,2.5259132,0.20713267
35,16,2.4381385,0.21035482
35,17,2.5003633,0.23268858
35,18,2.0928853,0.21071163
35,19,2.1620033,0.21480285
35,20,2.1250591,0.20375326
35,21,2.4676485,0.17147191
35,22,2.4459293,0.26218104
35,23,2.4403372,0.20209707
35,24,2.5112488,0.27582374
35,25,2.0778787,0.20030452
35,26,2.3185558,0.17966127
35,27,2.1111515,0.18494889
35,28,2.167354,0.17441878
35,29,2.1075242,0.238271
35,30,2.0830336,0.19895993
35,31,2.217065,0.20569828
35,32,2.0173097,0.2218829
35,33,2.2085907,0.22258222
35,34,2.322638,0.17888325
35,35,2.3649282,0.17388377
35,36,2.331325,0.18454966
35,37,2.2415328,0.19017124
35,38,2.1800234,0.21308567
35,39,2.105785,0.26230967
35,40,2.1214375,0.23733406
35,41,2.1836436,0.22041269
35,42,1.7885857,0.20148489
35,43,2.0477765,0.24828288
35,44,2.1791086,0.22832817
35,45,2.1483262,0.19909765
35,46,2.6007254,0.22874443
35,47,2.5429828,0.22185689
35,48,2.1889336,0.19027671
35,49,2.1258304,0.22532469
35,50,2.1367435,0.20137128
36,0,2.1013834,0.20194028
36,1,2.2177193,0.2733353
36,2,2.3091052,0.18905449
36,3,1.8820086,0.25622627
36,4,1.8921398,0.2907451
36,5,1.9455243,0.23926824
36,6,2.221198,0.23819274
36,7,2.2539413,0.23728846
36,8,2.219748,0.18221875
36,9,2.2734184,0.24330673
36,10,2.0923815,0.21301405
36,11,2.3915844,0.197936
36,12,2.4312203,0.21037488
36,13,2.6474664,0.22395538
36,14,2.5421526,0.17217065
36,15,2.5402744,0.14627422
36,16,2.4128883,0.20955609
36,17,2.1618989,0.23119858
36,18,2.0251222,0.20127055
36,19,2.199398,0.2366907
36,20,2.3035922,0.22513878
36,21,2.0846803,0.20460919
36,22,1.817468,0.2672279
36,23,1.870912,0.26763028
36,24,2.1158874,0.235914
36,25,2.306822,0.2369913
36,26,2.3169053,0.18553203
36,27,2.137087,0.19540673
36,28,2.3283534,0.17623194
36,29,2.3279965,0.22512485
36,30,2.2717047,0.17272358
36,31,2.47455,0.17297383
36,32,2.485336,0.21689638
36,33,2.3581598,0.15441439
36,34,2.2239695,0.1718794
36,35,2.576495,0.23303494
36,36,2.2503252,0.1963676
36,37,2.5120964,0.2076256
36,38,2.548924,0.24774471
36,39,2.284693,0.21653616
36,40,2.1782763,0.23062906
36,41,1.9949374,0.2422704
36,42,2.1666338,0.24649972
36,43,2.1692736,0.23180002
36,44,2.0676517,0.2435437
36,45,2.1029916,0.2036084
36,46,2.079907,0.19587182
36,47,2.2053165,0.21357778
36,48,2.569544,0.19574925
36,49,2.466199,0.17859697
36,50,2.6993465,0.24892722
37,0,2.3993876,0.18807594
37,1,2.3335338,0.16935551
37,2,2.1554286,0.2002488
37,3,2.3082275,0.2141198
37,4,2.220482,0.18349901
37,5,2.2867837,0.20510556
37,6,2.3700168,0.21198362
37,7,2.1762643,0.20085374
37,8,2.071145,0.27331436
37,9,2.1984756,0.1904773
37,10,2.1628454,0.20931749
37,11,1.9893932,0.21939754
37,12,1.9782192,0.21326283
37,13,2.2053032,0.20110312
37,14,2.118937,0.18707664
37,15,2.1963603,0.18115442
37,16,2.4106529,0.14617445
37,17,2.4686828,0.17435232
37,18,2.313186,0.20080405
37,19,2.4226189,0.14215265
37,20,2.3053641,0.18291485
37,21,2.1869016,0.22131984
37,22,2.0622573,0.21343239
37,23,2.1513932,0.24165237
37,24,2.1889918,0.19091478
37,25,1.9939747,0.2493535
37,26,2.0312958,0.22544706
37,27,1.9972878,0.24366958
37,28,2.0138264,0.21865326
37,29,2.2033954,0.19329637
37,30,2.1808531,0.20563033
37,31,2.190185,0.20919909
37,32,2.0410697,0.23452845
37,33,2.2482722,0.2656113
37,34,2.454857,0.20291351
37,35,2.3399622,0.1827527
37,36,2.2525163,0.22871777
37,37,2.2683115,0.22064243
37,38,2.1575227,0.21768878
37,39,2.1085088,0.1932455
37,40,2.143026,0.18474801
37,41,2.104738,0.21982935
37,42,2.365945,0.19071743
37,43,2.091659,0.22666422
37,44,2.2504942,0.1865727
37,45,2.4102526,0.21194762
37,46,2.5637946,0.24984896
37,47,2.4831796,0.24007764
37,48,2.3001192,0.23159394
37,49,2.277431,0.21681635
37,50,2.2148395,0.2902582
38,0,2.0947618,0.23915482
38,1,1.9919441,0.20590846
38,2,1.9696076,0.223551
38,3,2.219443,0.20552686
38,4,2.0797005,0.19256645
38,5,2.305121,0.22377527
38,6,2.2505717,0.2355172
38,7,2.130897,0.20325597
38,8,2.4958136,0.17730522
38,9,2.1611686,0.22504357
38,10,2.2195942,0.21996218
38,11,2.0668395,0.2444783
38,12,2.1126003,0.20433022
38,13,2.1318676,0.20222029
38,14,2.1317844,0.2325602
38,15,2.2039506,0.21993022
38,16,2.167254,0.18104094
38,17,2.1087184,0.1860386
38,18,2.071189,0.19576831
38,19,2.5167634,0.20535292
38,20,2.2296128,0.19825725
38,21,2.3826811,0.23998399
38,22,1.9356914,0.24577887
38,23,2.3195484,0.20851302
38,24,2.3065066,0.1797693
38,25,2.307446,0.15399057
38,26,2.24811,0.2327058
38,27,1.82792,0.20302343
38,28,1.759274,0.28504184
38,29,2.0654542,0.22087486
38,30,2.1287575,0.20981656
38,31,2.129613,0.22421613
38,32,2.2714167,0.23596923
38,33,2.1683135,0.21208951
38,34,2.176184,0.20254926
38,35,2.3765907,0.23226812
38,36,2.279907,0.17096812
38,37,2.3836932,0.21410596
38,38,2.452001,0.16901024
38,39,2.4984562,0.1999752
38,40,2.411539,0.15383731
38,41,2.5209098,0.21881843
38,42,2.0238898,0.22614115
38,43,2.2502182,0.21286021
38,44,2.1410968,0.19392413
38,45,2.1765916,0.2440328
38,46,2.1465409,0.24376284
38,47,1.9944701,0.26110524
38,48,1.8837479,0.22229296
38,49,2.150863,0.24001075
38,50,2.6600616,0.16905513
39,0,2.7420604,0.21986353
39,1,2.5159981,0.1608516
39,2,2.4290214,0.20257089
39,3,2.2570791,0.226526
39,4,2.190604,0.17146882
39,5,2.3123896,0.18160735
39,6,2.4901795,0.26769143
39,7,2.4869077,0.20959006
39,8,2.2457361,0.21327399
39,9,2.199222,0.23652072
39,10,1.9301032,0.2423026
39,11,2.1443286,0.18362911
39,12,2.5402336,0.19924839
39,13,2.1543734,0.23589073
39,14,2.085313,0.2333656
39,15,1.9043031,0.21502775
39,16,2.064341,0.27870643
39,17,2.1112144,0.19559792
39,18,2.5082054,0.2252432
39,19,2.4217417,0.21794221
39,20,2.359001,0.19793378
39,21,2.2764401,0.23127581
39,22,2.0936856,0.28832102
39,23,2.1804636,0.29344666
39,24,2.2450447,0.20546174
39,25,2.6930354,0.19327514
39,26,2.6047494,0.26460263
39,27,2.7584403,0.1971934
39,28,2.4348667,0.19775756
39,29,2.118491,0.25432676
39,30,2.3279011,0.23711492
39,31,2.3137803,0.19103159
39,32,2.2022984,0.1960983
39,33,2.1432054,0.24778333
39,34,2.1996095,0.17223144
39,35,1.9193293,0.26274762
39,36,1.6772996,0.22902267
39,37,2.0286646,0.18880396
39,38,2.0846183,0.235887
39,39,1.88988,0.23303562
39,40,2.1784754,0.19968955
39,41,2.403121,0.20354103
39,42,2.352494,0.2031565
39,43,2.1468852,0.20817535
39,44,2.3533351,0.2056669
39,45,2.190226,0.21906719
39,46,2.397426,0.17725907
39,47,2.5579536,0.1815231
39,48,2.5614371,0.2485458
39,49,2.3592944,0.24615833
39,50,1.9507082,0.255363
40,0,2.458576,0.24872586
40,1,2.1244113,0.18578894
40,2,2.1125712,0.25044152
40,3,2.0790172,0.21159753
40,4,2.469785,0.26614857
40,5,2.5599203,0.24406105
40,6,2.4057755,0.1540223
40,7,2.2957904,0.2679164
40,8,2.4532027,0.2102356
40,9,2.5336092,0.20514145
40,10,2.714876,0.18761285
40,11,3.209658,0.19553006
40,12,2.2208128,0.20074554
40,13,2.1205034,0.16665657
40,14,2.040309,0.27169734
40,15,2.346225,0.1772207
40,16,2.3959262,0.23279305
40,17,2.3853958,0.2775651
40,18,2.513004,0.18110317
40,19,2.3082383,0.22889967
40,20,2.351245,0.24479048
40,21,2.1687894,0.16964158
40,22,2.287552,0.17464924
40,23,2.3772295,0.1874542
40,24,2.41933,0.2027541
40,25,2.0097601,0.19627257
40,26,2.331558,0.21463956
40,27,2.1320264,0.19854514
40,28,2.3147032,0.2630149
40,29,2.1338558,0.23552534
40,30,2.2997649,0.24568446
40,31,2.172298,0.24051075
40,32,1.9664847,0.22178699
40,33,2.0013258,0.25113854
40,34,2.0059707,0.22196299
40,35,2.1493404,0.20498383
40,36,1.7830731,0.2205211
40,37,1.9121993,0.19223946
40,38,2.001638,0.2662079
40,39,2.0639653,0.22106569
40,40,2.0737026,0.19321452
40,41,2.3378592,0.2257508
40,42,2.5075295,0.18225951
40,43,2.3925445,0.21203648
40,44,2.4869263,0.1597263
40,45,2.4348044,0.25467235
40,46,2.3468645,0.22344218
40,47,2.3248734,0.24249177
40,48,2.3226552,0.19604479
40,49,2.4610815,0.27018407
40,50,2.2529464,0.18913564
14,0.945,0.954,4320
