1,0,0.85186267,0.6419877
1,1,0.3620982,2.7062936
1,2,0.48085588,1.1318754
1,3,1.8724898,0.8424653
1,4,2.3328278,0.9968591
1,5,1.5775717,0.80327344
1,6,0.5265736,0.76012874
1,7,0.25893834,1.4206288
1,8,0.49342185,1.6328684
1,9,0.42730728,1.1996683
1,10,0.49601272,0.8336515
1,11,1.0632073,0.6268874
1,12,1.6331737,0.7566247
1,13,1.6754113,0.7807718
1,14,1.0717553,0.5706882
1,15,0.6294917,0.735306
1,16,0.4857795,0.8896042
1,17,0.399436,0.9989496
1,18,0.524177,0.877879
1,19,0.78194255,0.5963428
1,20,1.1194758,0.51475793
1,21,1.3998739,0.5193972
1,22,1.3197877,0.5354475
1,23,1.0274742,0.55548036
1,24,0.6925486,0.6252214
1,25,0.50277656,0.9090573
1,26,0.3988913,0.8229038
1,27,0.5299894,0.73092526
1,28,0.6519255,0.62891436
1,29,0.85797685,0.6005379
1,30,0.92914194,0.6393407
1,31,0.76968694,0.6311308
1,32,0.6134504,0.6801066
1,33,0.5301478,0.7217073
1,34,0.5020605,0.73371685
1,35,0.545727,0.6751927
1,36,0.6330293,0.65369534
1,37,0.77546996,0.61025196
1,38,0.8767188,0.5733042
1,39,0.8481471,0.5762314
1,40,0.66898996,0.6233866
1,41,0.49420947,0.66286784
1,42,0.4011439,0.8738297
1,43,0.47071373,0.72648865
1,44,0.60094905,0.63903636
1,45,0.72866565,0.6237633
1,46,0.80474776,0.5569339
1,47,0.76269644,0.57263553
1,48,0.60279506,0.6270451
1,49,0.52303386,0.67876863
1,50,0.5759649,0.63098866
2,0,0.6104482,0.5875604
2,1,0.64575815,0.6247649
2,2,0.6609014,0.6073177
2,3,0.68440604,0.5833445
2,4,0.62727225,0.606263
2,5,0.5632554,0.6194758
2,6,0.51725525,0.6325178
2,7,0.50307983,0.6700037
2,8,0.52820224,0.6242665
2,9,0.56410235,0.6181528
2,10,0.63408315,0.5845594
2,11,0.70513195,0.54855233
2,12,0.69195414,0.5554085
2,13,0.68185973,0.58427715
2,14,0.6221177,0.57947725
2,15,0.5924585,0.5800128
2,16,0.5609609,0.6319901
2,17,0.61759347,0.59239745
2,18,0.6628051,0.5822879
2,19,0.6374183,0.619799
2,20,0.5643464,0.6143044
2,21,0.4904851,0.65502214
2,22,0.4601249,0.69280124
2,23,0.5134623,0.634821
2,24,0.57490313,0.61235636
2,25,0.660254,0.5474953
2,26,0.67431945,0.5943412
2,27,0.6722814,0.5661949
2,28,0.6357533,0.570614
2,29,0.62562644,0.6110931
2,30,0.6081734,0.5638487
2,31,0.57564014,0.57918024
2,32,0.6330633,0.61585253
2,33,0.69365436,0.56606936
2,34,0.8346979,0.52425194
2,35,0.84422463,0.50487167
2,36,0.6420565,0.5884093
2,37,0.44124743,0.66533536
2,38,0.39105904,0.661848
2,39,0.4189674,0.6623274
2,40,0.45633295,0.6543351
2,41,0.51630336,0.6088958
2,42,0.5650928,0.6049873
2,43,0.5399887,0.60135424
2,44,0.51915216,0.63458383
2,45,0.5004058,0.6283478
2,46,0.5356886,0.5873383
2,47,0.65429527,0.5633879
2,48,0.7195342,0.56306124
2,49,0.68970287,0.53041357
2,50,0.61785996,0.6028892
3,0,0.5649227,0.60901254
3,1,0.60263705,0.570773
3,2,0.62112886,0.5909646
3,3,0.6716464,0.54341567
3,4,0.65174335,0.55330443
3,5,0.5672276,0.5759907
3,6,0.49857503,0.60341036
3,7,0.5364302,0.62501526
3,8,0.5464953,0.5469026
3,9,0.63534,0.60261863
3,10,0.66397905,0.55583924
3,11,0.5754891,0.58400905
3,12,0.535334,0.59668875
3,13,0.56983274,0.6001704
3,14,0.56410575,0.5586323
3,15,0.5783205,0.6026334
3,16,0.5430081,0.566296
3,17,0.52941334,0.5658438
3,18,0.527457,0.58754724
3,19,0.5666547,0.5829793
3,20,0.61612177,0.538309
3,21,0.6081811,0.54256827
3,22,0.5343225,0.6309636
3,23,0.50298446,0.5996477
3,24,0.506422,0.60384077
3,25,0.57617325,0.49048838
3,26,0.6942096,0.56229955
3,27,0.6569927,0.5597609
3,28,0.47776407,0.54833543
3,29,0.36470893,0.7103355
3,30,0.42555708,0.62376374
3,31,0.5520716,0.5788775
3,32,0.7232028,0.5006606
3,33,0.7714398,0.5392644
3,34,0.58808476,0.52562034
3,35,0.38705808,0.63485706
3,36,0.34770522,0.69054693
3,37,0.37130424,0.619107
3,38,0.50555015,0.5377624
3,39,0.66660553,0.5229324
3,40,0.6939949,0.5804169
3,41,0.5383727,0.58595383
3,42,0.47231174,0.58715886
3,43,0.52005243,0.7399326
3,44,0.6332527,0.52079165
3,45,0.7947123,0.5621118
3,46,0.7068064,0.4708725
3,47,0.45927793,0.59572685
3,48,0.38053378,0.6937827
3,49,0.3316781,0.6445358
3,50,0.4757987,0.59853387
4,0,0.62362653,0.5038033
4,1,0.6863182,0.5616211
4,2,0.61545265,0.52271795
4,3,0.5171881,0.55201215
4,4,0.51980346,0.6382403
4,5,0.52560896,0.53835815
4,6,0.6665746,0.51915747
4,7,0.6641896,0.5389691
4,8,0.5676882,0.58743376
4,9,0.47628608,0.5450592
4,10,0.3706764,0.58120364
4,11,0.3858195,0.64138585
4,12,0.46914077,0.59192795
4,13,0.48436728,0.5856723
4,14,0.48236296,0.52267677
4,15,0.45995846,0.5805023
4,16,0.4226214,0.6223969
4,17,0.50163776,0.5966491
4,18,0.6269456,0.51221496
4,19,0.6950506,0.4824018
4,20,0.63485146,0.5274635
4,21,0.57165223,0.5555823
4,22,0.53016704,0.5547153
4,23,0.5197684,0.59902793
4,24,0.54403543,0.5397023
4,25,0.53960633,0.51023513
4,26,0.3919222,0.6050326
4,27,0.34659734,0.6462848
4,28,0.304834,0.59627557
4,29,0.42788652,0.58928967
4,30,0.5176304,0.5257999
4,31,0.5607439,0.5217526
4,32,0.5460136,0.5378789
4,33,0.57308775,0.5190271
4,34,0.54322416,0.50488204
4,35,0.50497514,0.5086738
4,36,0.55886835,0.49413437
4,37,0.5206624,0.5219467
4,38,0.5154817,0.53147733
4,39,0.57071483,0.53830487
4,40,0.5626799,0.53174543
4,41,0.5876731,0.5177206
4,42,0.56061804,0.48825896
4,43,0.48837367,0.5540525
4,44,0.45964465,0.5595349
4,45,0.40369663,0.5694542
4,46,0.44259048,0.58256716
4,47,0.5878679,0.5421477
4,48,0.6684738,0.47943324
4,49,0.6318071,0.51179206
4,50,0.5504729,0.49250114
5,0,0.4444756,0.63499606
5,1,0.4117483,0.62319887
5,2,0.4855188,0.51997626
5,3,0.4807901,0.5593019
5,4,0.39555603,0.5403936
5,5,0.38053808,0.58312273
5,6,0.4291931,0.54970354
5,7,0.47186252,0.5589141
5,8,0.44686913,0.50918657
5,9,0.4652108,0.49672097
5,10,0.5301749,0.5581546
5,11,0.5606343,0.55970854
5,12,0.59017444,0.50403273
5,13,0.5512059,0.49804926
5,14,0.47197524,0.5339562
5,15,0.41563085,0.5600019
5,16,0.45059958,0.58860314
5,17,0.5070671,0.5285848
5,18,0.624449,0.5667738
5,19,0.54035974,0.51085293
5,20,0.421002,0.5392176
5,21,0.4363915,0.5868479
5,22,0.44785574,0.5542744
5,23,0.4775493,0.5488223
5,24,0.6127165,0.5031837
5,25,0.6938909,0.44485274
5,26,0.6123305,0.47389108
5,27,0.49397415,0.47982025
5,28,0.5013519,0.5265238
5,29,0.46695063,0.51214767
5,30,0.4778562,0.5172505
5,31,0.4494116,0.5051589
5,32,0.4272847,0.5207166
5,33,0.41974053,0.5999459
5,34,0.34815118,0.6508054
5,35,0.3902469,0.5230725
5,36,0.45740306,0.49141514
5,37,0.48295176,0.54825306
5,38,0.42851812,0.509063
5,39,0.50546247,0.5604952
5,40,0.6340661,0.46129084
5,41,0.6236297,0.46056432
5,42,0.48621476,0.5212184
5,43,0.43046522,0.6083767
5,44,0.47595188,0.5481174
5,45,0.59838,0.48018965
5,46,0.610844,0.4345499
5,47,0.48837724,0.53369564
5,48,0.33526534,0.57391506
5,49,0.3352308,0.60983866
5,50,0.38564998,0.5393682
6,0,0.46957177,0.5505964
6,1,0.47669637,0.54050505
6,2,0.45443505,0.5111985
6,3,0.5187224,0.58328426
6,4,0.61673206,0.50462615
6,5,0.71603453,0.48896742
6,6,0.6025972,0.5218939
6,7,0.43397403,0.5233959
6,8,0.34018233,0.61268264
6,9,0.42103207,0.52321225
6,10,0.5043141,0.50824064
6,11,0.44714513,0.5608412
6,12,0.2945121,0.59043926
6,13,0.31171697,0.6012117
6,14,0.3922654,0.58340853
6,15,0.5064986,0.5235854
6,16,0.72064775,0.47720155
6,17,0.7589889,0.41539362
6,18,0.59825766,0.46872264
6,19,0.45031625,0.50181025
6,20,0.5026847,0.5801898
6,21,0.6061445,0.44286108
6,22,0.7229912,0.42282286
6,23,0.58671135,0.47824165
6,24,0.39375913,0.5471849
6,25,0.2882291,0.61526823
6,26,0.25926885,0.5996473
6,27,0.32870427,0.5624547
6,28,0.4037904,0.574265
6,29,0.43081796,0.5499535
6,30,0.41693807,0.52805436
6,31,0.38629714,0.6552345
6,32,0.4861959,0.48827127
6,33,0.6728786,0.44898814
6,34,0.77458954,0.4015884
6,35,0.60431296,0.46684363
6,36,0.41166586,0.5403936
6,37,0.31210083,0.64130163
6,38,0.37503353,0.5745427
6,39,0.41761613,0.5316268
6,40,0.39631742,0.5245393
6,41,0.3708255,0.5411425
6,42,0.34726465,0.56062746
6,43,0.31245977,0.61049134
6,44,0.56536925,0.4926428
6,45,0.78668034,0.47701466
6,46,0.59502804,0.42271322
6,47,0.49578896,0.61721283
6,48,0.3972562,0.559829
6,49,0.5563801,0.45529774
6,50,0.5873614,0.4374559
7,0,0.5025465,0.5274358
7,1,0.38750294,0.5170256
7,2,0.37533134,0.5392413
7,3,0.41559646,0.53512996
7,4,0.50687313,0.46597865
7,5,0.5792897,0.4797945
7,6,0.5315414,0.50191766
7,7,0.43509975,0.4708983
7,8,0.3887127,0.51789415
7,9,0.43284062,0.4825869
7,10,0.4815113,0.49565956
7,11,0.59557587,0.40027303
7,12,0.5488601,0.48805717
7,13,0.416633,0.5354601
7,14,0.3555843,0.59302825
7,15,0.28369072,0.6065555
7,16,0.41623008,0.49616742
7,17,0.5405312,0.47378242
7,18,0.57454515,0.5563386
7,19,0.41103464,0.48312783
7,20,0.37301606,0.5820842
7,21,0.3958557,0.5180079
7,22,0.5410677,0.46418205
7,23,0.68309987,0.49805057
7,24,0.535648,0.4802848
7,25,0.34367406,0.63224685
7,26,0.32349348,0.5762103
7,27,0.3061576,0.51886916
7,28,0.4166002,0.49221358
7,29,0.4866776,0.5422354
7,30,0.39370838,0.5573731
7,31,0.3059931,0.5783145
7,32,0.24765962,0.6178433
7,33,0.35966796,0.48744607
7,34,0.51932716,0.48863354
7,35,0.56633395,0.48520452
7,36,0.52848125,0.46705115
7,37,0.4943273,0.48903066
7,38,0.4901458,0.48358905
7,39,0.55368185,0.4463425
7,40,0.5242395,0.47051316
7,41,0.3950904,0.4700484
7,42,0.32831386,0.6125881
7,43,0.40600556,0.56613505
7,44,0.48459026,0.4974866
7,45,0.54363513,0.46959177
7,46,0.47804075,0.47784066
7,47,0.3927698,0.47216484
7,48,0.36715612,0.51569635
7,49,0.40134555,0.526363
7,50,0.46037436,0.42146835
8,0,0.44619536,0.4748141
8,1,0.37909153,0.52946544
8,2,0.341382,0.5381457
8,3,0.32515466,0.5593656
8,4,0.40183657,0.55566126
8,5,0.6346031,0.5460361
8,6,0.65065753,0.43806228
8,7,0.38427478,0.53131676
8,8,0.32309014,0.5578463
8,9,0.37127617,0.5512103
8,10,0.51547176,0.3919122
8,11,0.6618929,0.41547957
8,12,0.59710157,0.503243
8,13,0.38006467,0.51430506
8,14,0.45134255,0.6679961
8,15,0.3992253,0.5240825
8,16,0.6003417,0.4740205
8,17,0.67105293,0.4067543
8,18,0.44529977,0.52672166
8,19,0.33628446,0.5597676
8,20,0.30384937,0.5796341
8,21,0.34880912,0.53684133
8,22,0.43277228,0.4527483
8,23,0.49206927,0.43257448
8,24,0.48231268,0.4960874
8,25,0.40372294,0.48350874
8,26,0.4306459,0.5005391
8,27,0.40264747,0.43324304
8,28,0.43898332,0.55812764
8,29,0.50144494,0.48957682
8,30,0.45435262,0.44842955
8,31,0.39358884,0.5198262
8,32,0.39452007,0.50048786
8,33,0.4427705,0.48650214
8,34,0.4323477,0.4999122
8,35,0.41151106,0.47492424
8,36,0.37210414,0.53018904
8,37,0.35931155,0.5036097
8,38,0.41134062,0.4811253
8,39,0.4331691,0.46218932
8,40,0.4051958,0.5062319
8,41,0.39694634,0.5232849
8,42,0.367019,0.5164492
8,43,0.36026964,0.49028772
8,44,0.4790527,0.4375644
8,45,0.527811,0.49410793
8,46,0.45003438,0.4341431
8,47,0.31941733,0.48609582
8,48,0.3292424,0.59875995
8,49,0.46223593,0.45628315
8,50,0.5910713,0.45406082
9,0,0.46671778,0.5049282
9,1,0.35968983,0.6032978
9,2,0.3806405,0.5057956
9,3,0.44407016,0.4663426
9,4,0.57815284,0.46033597
9,5,0.51705307,0.4495652
9,6,0.3565219,0.47263956
9,7,0.31738183,0.54595923
9,8,0.36089295,0.5259217
9,9,0.50107163,0.48462716
9,10,0.6074014,0.4378546
9,11,0.4976289,0.44496116
9,12,0.40805036,0.5099546
9,13,0.3741706,0.5100868
9,14,0.3449437,0.47622514
9,15,0.31671646,0.48308468
9,16,0.35093966,0.52749074
9,17,0.38096285,0.45499295
9,18,0.3945168,0.5353133
9,19,0.4126656,0.44953474
9,20,0.43267325,0.45401567
9,21,0.47561005,0.42605764
9,22,0.48221183,0.4553473
9,23,0.43719718,0.4424841
9,24,0.34708908,0.5111506
9,25,0.33193928,0.50398195
9,26,0.3160639,0.57493275
9,27,0.31245723,0.4715341
9,28,0.3349612,0.45602712
9,29,0.3878345,0.52766293
9,30,0.41347715,0.44370034
9,31,0.44967923,0.45920455
9,32,0.42669067,0.57034683
9,33,0.44034356,0.48508635
9,34,0.62269384,0.39272973
9,35,0.5991348,0.39423186
9,36,0.42348212,0.4614862
9,37,0.31079963,0.53690374
9,38,0.3614104,0.53920466
9,39,0.36591223,0.4730829
9,40,0.4142655,0.46040326
9,41,0.38556677,0.5514226
9,42,0.27133524,0.54986185
9,43,0.3076302,0.53971946
9,44,0.3436057,0.52316326
9,45,0.49545056,0.40831342
9,46,0.6257077,0.42202368
9,47,0.57298017,0.45836294
9,48,0.48643842,0.4259224
9,49,0.4103248,0.38552934
9,50,0.40312156,0.47575414
10,0,0.3925034,0.49058306
10,1,0.43347362,0.48229894
10,2,0.38961348,0.5018921
10,3,0.31062338,0.48072436
10,4,0.33450708,0.45573017
10,5,0.3370482,0.51936764
10,6,0.33111095,0.48846823
10,7,0.37281352,0.47236368
10,8,0.42518425,0.4528761
10,9,0.45630383,0.45178935
10,10,0.49771693,0.43354797
10,11,0.5402406,0.4404336
10,12,0.42812172,0.44339806
10,13,0.33826536,0.56604964
10,14,0.31297705,0.5207254
10,15,0.41012272,0.52756596
10,16,0.4544516,0.5267198
10,17,0.34135252,0.51822096
10,18,0.3506077,0.51241964
10,19,0.31368116,0.512857
10,20,0.46219224,0.432711
10,21,0.53546226,0.41473448
10,22,0.49482584,0.4302941
10,23,0.4245675,0.45673886
10,24,0.42406237,0.4382389
10,25,0.44683093,0.5037515
10,26,0.42593464,0.3942257
10,27,0.34666237,0.44979024
10,28,0.24308752,0.62563366
10,29,0.34760284,0.47740465
10,30,0.37485185,0.45632792
10,31,0.44314337,0.49836248
10,32,0.44095656,0.49267465
10,33,0.41509563,0.47715586
10,34,0.51306474,0.43253207
10,35,0.5490638,0.36000627
10,36,0.41174453,0.45115292
10,37,0.34270564,0.55635834
10,38,0.31659955,0.41891268
10,39,0.33881694,0.46882996
10,40,0.3192468,0.51546633
10,41,0.31663123,0.52875334
10,42,0.33438614,0.512272
10,43,0.3349491,0.4508929
10,44,0.42525306,0.47333038
10,45,0.45211288,0.40061092
10,46,0.45148203,0.4781961
10,47,0.44583115,0.48705778
10,48,0.47830987,0.5249639
10,49,0.41879153,0.43623707
10,50,0.42451105,0.45164454
11,0,0.4019889,0.41378802
11,1,0.3384571,0.47990462
11,2,0.32233492,0.58010435
11,3,0.3021771,0.50990844
11,4,0.33271673,0.48160955
11,5,0.36418876,0.4055998
11,6,0.36431113,0.4442849
11,7,0.35387412,0.49513346
11,8,0.38571775,0.50710166
11,9,0.3979956,0.47804335
11,10,0.47498024,0.46164712
11,11,0.46161485,0.41537434
11,12,0.4357351,0.50410795
11,13,0.40362254,0.45198756
11,14,0.50080025,0.4539622
11,15,0.5117924,0.45224375
11,16,0.34449756,0.4702432
11,17,0.27530664,0.51948255
11,18,0.28342625,0.5501623
11,19,0.2742363,0.58482075
11,20,0.36593583,0.5146547
11,21,0.4222818,0.4623291
11,22,0.36595812,0.51544446
11,23,0.3488663,0.5286942
11,24,0.41988492,0.46112296
11,25,0.5195865,0.45627514
11,26,0.5488805,0.38462427
11,27,0.37701678,0.4177793
11,28,0.38800713,0.49153158
11,29,0.3579099,0.4435705
11,30,0.43592006,0.4922406
11,31,0.38618052,0.4455867
11,32,0.3017234,0.4591695
11,33,0.24724232,0.59619284
11,34,0.29475245,0.47924525
11,35,0.4685642,0.47772366
11,36,0.53632516,0.40890026
11,37,0.41571778,0.45629275
11,38,0.36742392,0.44262043
11,39,0.3852872,0.512986
11,40,0.47174853,0.456123
11,41,0.58354604,0.43617192
11,42,0.42425463,0.39674342
11,43,0.34153908,0.4551489
11,44,0.3151525,0.5219561
11,45,0.33229798,0.42835844
11,46,0.3827258,0.4604253
11,47,0.40759507,0.49774697
11,48,0.42674312,0.43216512
11,49,0.3475585,0.4730236
11,50,0.38757452,0.46690154
12,0,0.44562325,0.44250977
12,1,0.523921,0.47298735
12,2,0.3856024,0.46468318
12,3,0.40561658,0.4834408
12,4,0.37288982,0.46968657
12,5,0.4833487,0.38993162
12,6,0.5257748,0.44292232
12,7,0.3775895,0.45528293
12,8,0.3144519,0.5382766
12,9,0.28737614,0.4820345
12,10,0.40697667,0.4403822
12,11,0.4743781,0.4765022
12,12,0.39547935,0.44295517
12,13,0.3179623,0.5182207
12,14,0.2702614,0.51770246
12,15,0.37554595,0.5433371
12,16,0.4837631,0.5015681
12,17,0.45906317,0.4639223
12,18,0.431611,0.4278544
12,19,0.33092558,0.43696812
12,20,0.34515533,0.4144452
12,21,0.41871187,0.43185055
12,22,0.42386338,0.43151772
12,23,0.4151651,0.46028987
12,24,0.3654741,0.5044777
12,25,0.33384934,0.47809297
12,26,0.3118758,0.46630353
12,27,0.35935166,0.42413127
12,28,0.40491536,0.47916192
12,29,0.35520342,0.46924275
12,30,0.33937564,0.47415325
12,31,0.29050308,0.47485328
12,32,0.39584017,0.49755388
12,33,0.36400235,0.44811565
12,34,0.3179827,0.48325366
12,35,0.21389234,0.54224783
12,36,0.35387036,0.44498125
12,37,0.4097841,0.45465514
12,38,0.58346254,0.4695832
12,39,0.50760794,0.36440897
12,40,0.3892353,0.48785496
12,41,0.31460726,0.5033439
12,42,0.43307874,0.45421025
12,43,0.50070685,0.44683388
12,44,0.39854974,0.43175668
12,45,0.25745583,0.5237102
12,46,0.24031135,0.46190542
12,47,0.29611868,0.48266813
12,48,0.46149862,0.489301
12,49,0.45111537,0.42943347
12,50,0.35589677,0.42027047
13,0,0.3715297,0.5287337
13,1,0.42919305,0.49335298
13,2,0.6002689,0.44042325
13,3,0.58212185,0.36872074
13,4,0.35783002,0.46681672
13,5,0.2844635,0.5513772
13,6,0.2754876,0.44465598
13,7,0.3827669,0.4918981
13,8,0.40310058,0.48483998
13,9,0.30388165,0.4654854
13,10,0.30134168,0.48911917
13,11,0.27887836,0.47199315
13,12,0.38049716,0.47682396
13,13,0.4819897,0.46249276
13,14,0.51715344,0.40034488
13,15,0.38186967,0.39755046
13,16,0.3329606,0.47427803
13,17,0.32907236,0.45781547
13,18,0.4790539,0.4451215
13,19,0.5039375,0.40974048
13,20,0.35183883,0.44894746
13,21,0.25777066,0.50619197
13,22,0.26199597,0.5354772
13,23,0.37566465,0.43855527
13,24,0.49427176,0.50460255
13,25,0.4763651,0.43533498
13,26,0.3620117,0.4777174
13,27,0.22733498,0.50951624
13,28,0.2689656,0.47131363
13,29,0.35108513,0.50999594
13,30,0.49269545,0.40893438
13,31,0.5947961,0.45841604
13,32,0.39601457,0.4773197
13,33,0.27338496,0.50959957
13,34,0.26491177,0.48691952
13,35,0.3453596,0.4802892
13,36,0.43031213,0.4605524
13,37,0.42179272,0.44032547
13,38,0.35432193,0.4633661
13,39,0.33680698,0.4693053
13,40,0.32695603,0.47558597
13,41,0.37386963,0.43259552
13,42,0.3827101,0.4155199
13,43,0.37981537,0.45270512
13,44,0.36429712,0.40771443
13,45,0.31475657,0.4267529
13,46,0.3248102,0.48809472
13,47,0.3765169,0.40660653
13,48,0.36911544,0.48302123
13,49,0.36043724,0.3821758
13,50,0.27459672,0.47853634
14,0,0.3732437,0.46594977
14,1,0.41768605,0.4625841
14,2,0.38721037,0.39305818
14,3,0.333557,0.5038843
14,4,0.32545638,0.4798659
14,5,0.34310257,0.45734873
14,6,0.42147577,0.39854395
14,7,0.38590997,0.46358293
14,8,0.32351166,0.44285765
14,9,0.3257267,0.53045183
14,10,0.40174925,0.460234
14,11,0.3778569,0.39135724
14,12,0.3628637,0.4875382
14,13,0.41691324,0.4460834
14,14,0.39392638,0.48565456
14,15,0.41022012,0.43085122
14,16,0.34230435,0.4160576
14,17,0.29798496,0.4840354
14,18,0.27930263,0.509526
14,19,0.3113336,0.4529339
14,20,0.33323643,0.46862295
14,21,0.3305586,0.43438643
14,22,0.37064973,0.45408502
14,23,0.36399937,0.4690963
14,24,0.40913084,0.44524854
14,25,0.4483572,0.39855254
14,26,0.47489884,0.4807122
14,27,0.35094827,0.45673808
14,28,0.25472322,0.42125738
14,29,0.30477223,0.52220786
14,30,0.39555174,0.40859398
14,31,0.49770713,0.43798065
14,32,0.42034218,0.40089017
14,33,0.3050801,0.5046614
14,34,0.34659162,0.49376684
14,35,0.3484817,0.45029715
14,36,0.42616394,0.4366866
14,37,0.40112975,0.45862976
14,38,0.32018128,0.46944126
14,39,0.3059086,0.4846421
14,40,0.2970064,0.45747697
14,41,0.40525234,0.41728178
14,42,0.38689178,0.40639448
14,43,0.36416987,0.4751839
14,44,0.3898535,0.3871012
14,45,0.3404177,0.42661196
14,46,0.34043318,0.39154607
14,47,0.32076517,0.42330423
14,48,0.30958125,0.49417803
14,49,0.29991513,0.4833204
14,50,0.38457334,0.36487284
15,0,0.3331432,0.5491454
15,1,0.20004211,0.5236564
15,2,0.17077903,0.49948427
15,3,0.2319257,0.5762083
15,4,0.3807253,0.42205647
15,5,0.42998606,0.41791293
15,6,0.37234247,0.38657737
15,7,0.36735868,0.48481834
15,8,0.42918253,0.508703
15,9,0.49041212,0.39695436
15,10,0.5481733,0.40083894
15,11,0.47469062,0.41849262
15,12,0.32437196,0.43818435
15,13,0.28668478,0.5586518
15,14,0.28115246,0.45234913
15,15,0.32920876,0.51758474
15,16,0.35829884,0.55589044
15,17,0.26385638,0.5042162
15,18,0.19618471,0.48074916
15,19,0.22878031,0.5379726
15,20,0.39509493,0.43518972
15,21,0.62272334,0.4144277
15,22,0.5703138,0.36459014
15,23,0.463196,0.44561836
15,24,0.3772656,0.42809027
15,25,0.4307595,0.37182945
15,26,0.49787736,0.4045412
15,27,0.4130571,0.42453328
15,28,0.30057743,0.4423824
15,29,0.24085236,0.4183627
15,30,0.24341536,0.5022605
15,31,0.308445,0.5120628
15,32,0.3358177,0.4356314
15,33,0.32942495,0.42094684
15,34,0.29268542,0.49815676
15,35,0.36269873,0.48668274
15,36,0.4586692,0.42262232
15,37,0.472436,0.36622116
15,38,0.36153153,0.4908138
15,39,0.28359076,0.46492034
15,40,0.28626937,0.44690436
15,41,0.36874154,0.39930832
15,42,0.39982328,0.524516
15,43,0.3108853,0.4124008
15,44,0.25143933,0.5069872
15,45,0.26123092,0.5100488
15,46,0.32203394,0.46004522
15,47,0.46248823,0.4009386
15,48,0.45745522,0.4251515
15,49,0.34962833,0.4601352
15,50,0.31865516,0.5028397
16,0,0.34769925,0.46027267
16,1,0.48164806,0.41177052
16,2,0.52034354,0.38566202
16,3,0.37316734,0.39276153
16,4,0.272051,0.4706786
16,5,0.22574566,0.51238626
16,6,0.28641123,0.3856924
16,7,0.33030632,0.5925344
16,8,0.3021825,0.48450133
16,9,0.3007959,0.4546956
16,10,0.34212506,0.47411698
16,11,0.33838913,0.41576883
16,12,0.41641226,0.4526446
16,13,0.4716984,0.3907052
16,14,0.5149722,0.37006655
16,15,0.38178197,0.46392038
16,16,0.29517022,0.43336692
16,17,0.28241402,0.48626912
16,18,0.2716391,0.44198188
16,19,0.33760968,0.36839545
16,20,0.3224213,0.47637784
16,21,0.27844703,0.46511638
16,22,0.29596838,0.49211338
16,23,0.33932698,0.45386955
16,24,0.41391495,0.4135542
16,25,0.41769361,0.3693652
16,26,0.3347353,0.41161618
16,27,0.2652675,0.4776352
16,28,0.25588292,0.51198184
16,29,0.3513124,0.4629555
16,30,0.48093617,0.4299762
16,31,0.3782498,0.42877755
16,32,0.2947284,0.45304143
16,33,0.27828258,0.514256
16,34,0.3180095,0.41062054
16,35,0.4357778,0.43924865
16,36,0.38156042,0.45693716
16,37,0.339219,0.46292585
16,38,0.3456817,0.46420914
16,39,0.36883074,0.43601298
16,40,0.36055812,0.39218667
16,41,0.3427194,0.47612685
16,42,0.34438437,0.4713756
16,43,0.32149208,0.4705087
16,44,0.2961837,0.44448528
16,45,0.2635206,0.4609877
16,46,0.33940315,0.45743036
16,47,0.33719093,0.52234495
16,48,0.4772594,0.43377241
16,49,0.41041556,0.43398142
16,50,0.37716305,0.42739457
17,0,0.28141353,0.4543166
17,1,0.25477904,0.52861404
17,2,0.37192008,0.40180027
17,3,0.45588735,0.39639267
17,4,0.39990407,0.43270236
17,5,0.36037153,0.4603734
17,6,0.3543513,0.4382637
17,7,0.38002867,0.3802069
17,8,0.42092314,0.37151554
17,9,0.35583788,0.5045805
17,10,0.2858104,0.46271592
17,11,0.2738312,0.50003505
17,12,0.26827466,0.46853125
17,13,0.34205368,0.45545477
17,14,0.35866562,0.42727354
17,15,0.2676463,0.45939216
17,16,0.3214895,0.52890074
17,17,0.36282673,0.43538314
17,18,0.4008499,0.40543038
17,19,0.42878452,0.42275006
17,20,0.42689878,0.3766648
17,21,0.36607605,0.50677764
17,22,0.31364942,0.39833125
17,23,0.28178325,0.4819225
17,24,0.31583247,0.4038546
17,25,0.3443725,0.44892007
17,26,0.33837938,0.44799843
17,27,0.32073474,0.3432071
17,28,0.32762402,0.4268706
17,29,0.34984484,0.4132681
17,30,0.3329077,0.39292008
17,31,0.34423816,0.47867265
17,32,0.3165382,0.48078343
17,33,0.3582452,0.41909263
17,34,0.39676917,0.4420493
17,35,0.40383393,0.41985542
17,36,0.37800995,0.45247594
17,37,0.28240263,0.4172132
17,38,0.22385924,0.45049188
17,39,0.2523092,0.47461903
17,40,0.32314345,0.42095014
17,41,0.35119092,0.421782
17,42,0.39856395,0.48500043
17,43,0.3924974,0.48627594
17,44,0.3505718,0.44577056
17,45,0.304909,0.3937021
17,46,0.27484512,0.49176487
17,47,0.3334501,0.41894683
17,48,0.3189595,0.4504076
17,49,0.29414725,0.42334637
17,50,0.33114514,0.44416875
18,0,0.36641428,0.45025495
18,1,0.4579671,0.37681913
18,2,0.33508822,0.4515497
18,3,0.2361312,0.5253118
18,4,0.33785692,0.54562646
18,5,0.46966052,0.49084988
18,6,0.61268914,0.33785716
18,7,0.40271944,0.37025848
18,8,0.23881607,0.50827265
18,9,0.30728942,0.49285662
18,10,0.40062082,0.4854155
18,11,0.4529046,0.42364886
18,12,0.28002498,0.36886045
18,13,0.17972192,0.49549714
18,14,0.21744993,0.5494465
18,15,0.3110884,0.4689256
18,16,0.5765249,0.34099817
18,17,0.5088564,0.36330968
18,18,0.3465747,0.47430256
18,19,0.2396689,0.49666467
18,20,0.26210687,0.39901325
18,21,0.28337416,0.41738462
18,22,0.34860042,0.4787272
18,23,0.3560931,0.39023536
18,24,0.2848537,0.42862007
18,25,0.3000798,0.37371588
18,26,0.27821827,0.3799842
18,27,0.31685415,0.5126951
18,28,0.34658664,0.48568994
18,29,0.3680929,0.45668182
18,30,0.3564074,0.4227293
18,31,0.33421662,0.50655556
18,32,0.36705574,0.47048217
18,33,0.37516215,0.43852365
18,34,0.36350957,0.44618464
18,35,0.3203994,0.4523915
18,36,0.27386293,0.47445908
18,37,0.3029975,0.45908582
18,38,0.37641612,0.43362042
18,39,0.43370375,0.4290593
18,40,0.444246,0.38609585
18,41,0.3094123,0.4213084
18,42,0.26410264,0.46037382
18,43,0.28119278,0.56778806
18,44,0.3991579,0.48444164
18,45,0.48550698,0.47091413
18,46,0.36770847,0.40846038
18,47,0.23532805,0.51157206
18,48,0.2236223,0.579193
18,49,0.25037548,0.3976341
18,50,0.3454808,0.51991355
19,0,0.3288175,0.48114067
19,1,0.25096914,0.4160664
19,2,0.25139302,0.45545962
19,3,0.3755387,0.3254277
19,4,0.5388504,0.3455527
19,5,0.521738,0.41005203
19,6,0.35753366,0.51121044
19,7,0.2778225,0.46814883
19,8,0.26841506,0.43443552
19,9,0.34063795,0.45346674
19,10,0.3441552,0.38178495
19,11,0.29353473,0.46278605
19,12,0.2773666,0.49170908
19,13,0.24977535,0.48731926
19,14,0.2616575,0.4167503
19,15,0.35774216,0.4808014
19,16,0.4005923,0.34290937
19,17,0.4670113,0.42692745
19,18,0.38876656,0.452005
19,19,0.3336052,0.4669426
19,20,0.28134796,0.41013655
19,21,0.29633772,0.49071342
19,22,0.28384775,0.44857317
19,23,0.29120117,0.46158585
19,24,0.28994784,0.43638328
19,25,0.26276946,0.4704467
19,26,0.2364747,0.4583248
19,27,0.28468794,0.48897216
19,28,0.36562684,0.41841632
19,29,0.39929172,0.39280424
19,30,0.3695326,0.4125971
19,31,0.33260733,0.47806123
19,32,0.32158303,0.45811674
19,33,0.32445088,0.43048948
19,34,0.33071035,0.40327537
19,35,0.2913644,0.423037
19,36,0.2723106,0.5021829
19,37,0.3922906,0.35302573
19,38,0.38336095,0.4174485
19,39,0.3392488,0.47899184
19,40,0.31707588,0.3998876
19,41,0.3186593,0.37291008
19,42,0.3197682,0.5294345
19,43,0.32766777,0.37842953
19,44,0.37683806,0.39331895
19,45,0.31150746,0.41562447
19,46,0.28396744,0.4874335
19,47,0.24126975,0.4546489
19,48,0.31455883,0.4007158
19,49,0.36679092,0.4871697
19,50,0.34397185,0.48301116
20,0,0.31346917,0.43209612
20,1,0.33551624,0.46644366
20,2,0.27558032,0.46377108
20,3,0.2726915,0.42439076
20,4,0.28807965,0.4634483
20,5,0.3786126,0.3787704
20,6,0.3814473,0.39177087
20,7,0.3592805,0.35788226
20,8,0.3002447,0.4089133
20,9,0.32658654,0.5270093
20,10,0.29911888,0.44346794
20,11,0.32440743,0.43856698
20,12,0.31615016,0.4089274
20,13,0.2772831,0.39340976
20,14,0.26383597,0.45676225
20,15,0.4280929,0.37855738
20,16,0.5626955,0.3383332
20,17,0.558947,0.32762963
20,18,0.38464668,0.3743529
20,19,0.24167378,0.42038047
20,20,0.24145858,0.4753759
20,21,0.26205334,0.4146257
20,22,0.28238952,0.4898001
20,23,0.20907182,0.5173928
20,24,0.24968159,0.5532648
20,25,0.31753644,0.4436694
20,26,0.39840382,0.44542307
20,27,0.48474932,0.38646138
20,28,0.37347546,0.44142866
20,29,0.33168495,0.41646695
20,30,0.29124048,0.38241827
20,31,0.40793136,0.40698197
20,32,0.445508,0.53542626
20,33,0.3483003,0.5218707
20,34,0.2688693,0.45507205
20,35,0.30595484,0.5082228
20,36,0.30207792,0.44836596
20,37,0.33042598,0.38188055
20,38,0.27698895,0.47574228
20,39,0.26240522,0.4346768
20,40,0.2844402,0.41103023
20,41,0.3469463,0.39818084
20,42,0.3624166,0.4401267
20,43,0.3183271,0.4502763
20,44,0.3256822,0.44416988
20,45,0.34033892,0.39862224
20,46,0.304923,0.39930835
20,47,0.25783285,0.51241004
20,48,0.21781617,0.44276932
20,49,0.18769266,0.4667397
20,50,0.1571078,0.5549988
21,0,0.21231404,0.5344489
21,1,0.3952905,0.49310213
21,2,0.5341724,0.46139985
21,3,0.429656,0.28548193
21,4,0.33750105,0.39946032
21,5,0.28607997,0.38239083
21,6,0.4530689,0.34919837
21,7,0.5350349,0.41468707
21,8,0.41522518,0.3772948
21,9,0.25859374,0.4658339
21,10,0.20520741,0.50404894
21,11,0.2132297,0.48771015
21,12,0.26402017,0.51931775
21,13,0.2675438,0.44322488
21,14,0.26725173,0.38038963
21,15,0.27618122,0.4527972
21,16,0.3590189,0.41976658
21,17,0.4717184,0.40126425
21,18,0.4741108,0.36171502
21,19,0.4277239,0.41938856
21,20,0.32325172,0.4553269
21,21,0.2544544,0.43220988
21,22,0.3307323,0.45407322
21,23,0.29683927,0.45048335
21,24,0.2686263,0.46242616
21,25,0.2297371,0.5010021
21,26,0.23862067,0.4683148
21,27,0.28336558,0.39876768
21,28,0.34846056,0.44767123
21,29,0.38482127,0.41474774
21,30,0.33433062,0.43883732
21,31,0.31845093,0.38616318
21,32,0.3102241,0.35514176
21,33,0.28913274,0.49955544
21,34,0.32023618,0.45053625
21,35,0.30758107,0.39535573
21,36,0.27854678,0.47063616
21,37,0.26362556,0.37069595
21,38,0.31683353,0.51438785
21,39,0.33726722,0.46913502
21,40,0.33267564,0.43357807
21,41,0.28237686,0.43983236
21,42,0.33063948,0.48406535
21,43,0.36011854,0.33913854
21,44,0.36708432,0.40218547
21,45,0.36406898,0.5279167
21,46,0.2901779,0.40825063
21,47,0.30587968,0.48250547
21,48,0.28482172,0.48458156
21,49,0.3462641,0.36066565
21,50,0.37227547,0.4920918
22,0,0.3646743,0.4160062
22,1,0.27472883,0.4620065
22,2,0.27715752,0.44115055
22,3,0.30270195,0.4210578
22,4,0.40703022,0.35587254
22,5,0.39809412,0.4149255
22,6,0.30665264,0.4287704
22,7,0.24127002,0.47163737
22,8,0.25033754,0.46722296
22,9,0.34316325,0.45869532
22,10,0.43095383,0.32925472
22,11,0.3681788,0.42871118
22,12,0.21925586,0.4815381
22,13,0.21855083,0.531807
22,14,0.33623958,0.42339054
22,15,0.5040366,0.4181576
22,16,0.43736836,0.34431896
22,17,0.24844277,0.5114315
22,18,0.19822001,0.5819581
22,19,0.22401756,0.57515705
22,20,0.4383931,0.48086414
22,21,0.57940125,0.48463157
22,22,0.32325083,0.4204621
22,23,0.242612,0.6026701
22,24,0.23064744,0.44720575
22,25,0.35769972,0.39488426
22,26,0.42178217,0.4204878
22,27,0.36743495,0.40519536
22,28,0.262537,0.4510557
22,29,0.2583412,0.42783415
22,30,0.31055218,0.4399902
22,31,0.41806784,0.38533112
22,32,0.40799722,0.4592625
22,33,0.30715322,0.4192954
22,34,0.31727573,0.5026955
22,35,0.34843314,0.3998921
22,36,0.412743,0.3424854
22,37,0.39019528,0.404302
22,38,0.2778304,0.383794
22,39,0.25682676,0.46535397
22,40,0.24056728,0.4929808
22,41,0.31170598,0.4092105
22,42,0.2884897,0.5008278
22,43,0.26707894,0.43914872
22,44,0.2566375,0.4313733
22,45,0.30329904,0.45715746
22,46,0.37082234,0.4617924
22,47,0.4016888,0.39663965
22,48,0.35167134,0.42481968
22,49,0.303593,0.456556
22,50,0.3279905,0.4343366
23,0,0.32817858,0.3786044
23,1,0.2559031,0.49030212
23,2,0.20928866,0.45085382
23,3,0.21248583,0.4983075
23,4,0.21388787,0.46632364
23,5,0.35365957,0.46115485
23,6,0.45243618,0.45189142
23,7,0.35356554,0.40751967
23,8,0.26190892,0.47181952
23,9,0.31200957,0.3925408
23,10,0.3814449,0.44153476
23,11,0.40822586,0.35145265
23,12,0.34073332,0.33726522
23,13,0.2857313,0.40732923
23,14,0.21809818,0.48142362
23,15,0.2520792,0.5134011
23,16,0.31205866,0.4157049
23,17,0.30638146,0.4262514
23,18,0.25939482,0.3838007
23,19,0.30544615,0.4139108
23,20,0.32923222,0.4335819
23,21,0.3389881,0.33097333
23,22,0.3555801,0.4829676
23,23,0.5009702,0.37510207
23,24,0.42187172,0.40430215
23,25,0.25275323,0.42309794
23,26,0.21238339,0.42209506
23,27,0.19366527,0.52112323
23,28,0.26339176,0.47988832
23,29,0.3157436,0.45607257
23,30,0.24643342,0.5314584
23,31,0.20030032,0.5113605
23,32,0.22673707,0.49237502
23,33,0.29032695,0.4498546
23,34,0.47091967,0.36887032
23,35,0.5142471,0.4145956
23,36,0.44206715,0.4520508
23,37,0.39154422,0.40819448
23,38,0.355166,0.48058787
23,39,0.29290327,0.5173795
23,40,0.2189134,0.4316523
23,41,0.21906586,0.46736237
23,42,0.22137192,0.48126638
23,43,0.27839613,0.45095316
23,44,0.33188203,0.4530871
23,45,0.30231214,0.40267634
23,46,0.32621422,0.43202835
23,47,0.34107083,0.4179932
23,48,0.44319794,0.36362898
23,49,0.45642123,0.37096563
23,50,0.43578714,0.45112428
24,0,0.35155907,0.325819
24,1,0.31128943,0.3720936
24,2,0.26732734,0.3898476
24,3,0.2357002,0.4397041
24,4,0.20443657,0.5066063
24,5,0.1763207,0.47389847
24,6,0.2690211,0.41635787
24,7,0.32056627,0.40140116
24,8,0.30447826,0.40605637
24,9,0.2763829,0.4759708
24,10,0.2976326,0.42750716
24,11,0.3747639,0.3731407
24,12,0.38050875,0.34484
24,13,0.2890868,0.4480695
24,14,0.29415283,0.45092338
24,15,0.3132468,0.41828725
24,16,0.28528407,0.4124004
24,17,0.25615337,0.47568443
24,18,0.33301124,0.4726001
24,19,0.39198348,0.41816846
24,20,0.37630752,0.39481765
24,21,0.29039603,0.3722333
24,22,0.21091492,0.58851165
24,23,0.34298646,0.39005786
24,24,0.52149814,0.4207244
24,25,0.45838925,0.32339427
24,26,0.31657383,0.45557845
24,27,0.28414363,0.5053328
24,28,0.35683808,0.4015224
24,29,0.44308877,0.40042952
24,30,0.4182074,0.49219856
24,31,0.278691,0.5182318
24,32,0.25576326,0.49240562
24,33,0.21955733,0.5253152
24,34,0.28052083,0.4325065
24,35,0.42176268,0.41350806
24,36,0.29586932,0.39285615
24,37,0.23422328,0.480087
24,38,0.18409087,0.5225701
24,39,0.29077303,0.4104946
24,40,0.41991305,0.44184116
24,41,0.38894725,0.4638188
24,42,0.2905074,0.45584017
24,43,0.2394185,0.43849984
24,44,0.30586633,0.4854416
24,45,0.33613515,0.42892042
24,46,0.2952459,0.37423408
24,47,0.2651074,0.38913873
24,48,0.25722262,0.47960556
24,49,0.27522424,0.48379615
24,50,0.30936447,0.39788747
25,0,0.29654998,0.46745887
25,1,0.23594575,0.4490264
25,2,0.25781703,0.5103719
25,3,0.29616344,0.4064171
25,4,0.45743248,0.34726295
25,5,0.47268632,0.3979052
25,6,0.3108742,0.42347008
25,7,0.22077811,0.4539591
25,8,0.2534627,0.43313032
25,9,0.2890252,0.3787311
25,10,0.34861708,0.35553065
25,11,0.27616048,0.40299216
25,12,0.24038991,0.44035637
25,13,0.24983296,0.4452594
25,14,0.30259243,0.35751802
25,15,0.36169425,0.3871616
25,16,0.31266633,0.4426449
25,17,0.29848725,0.4177793
25,18,0.3035204,0.4591282
25,19,0.2671476,0.532368
25,20,0.303884,0.47152135
25,21,0.3182721,0.45155358
25,22,0.28627586,0.43989486
25,23,0.24134755,0.40639675
25,24,0.22776751,0.44760108
25,25,0.27596876,0.36557516
25,26,0.23084472,0.36203614
25,27,0.3095691,0.39404655
25,28,0.32381323,0.381463
25,29,0.36366177,0.4441308
25,30,0.3590878,0.397075
25,31,0.3572687,0.43480426
25,32,0.38254368,0.38864788
25,33,0.3298567,0.48836896
25,34,0.3082037,0.4926268
25,35,0.2291722,0.47425455
25,36,0.20707779,0.3776383
25,37,0.2542722,0.44604334
25,38,0.30144063,0.37833878
25,39,0.34731495,0.39830035
25,40,0.3190926,0.4077044
25,41,0.27944922,0.4722659
25,42,0.30630907,0.43220702
25,43,0.34246242,0.38219362
25,44,0.42743728,0.42216522
25,45,0.3535627,0.48365518
25,46,0.29880658,0.5972129
25,47,0.24988766,0.5371947
25,48,0.30092084,0.3736027
25,49,0.30617398,0.48074394
25,50,0.28254935,0.5126734
26,0,0.27836812,0.45996222
26,1,0.291724,0.43093798
26,2,0.27691722,0.43991548
26,3,0.29698265,0.3446218
26,4,0.23668791,0.45136273
26,5,0.2619129,0.5021729
26,6,0.31376526,0.38266417
26,7,0.3716206,0.32831684
26,8,0.32125252,0.40583104
26,9,0.25912398,0.43837154
26,10,0.24313574,0.5029864
26,11,0.3268684,0.40356296
26,12,0.31865075,0.42414418
26,13,0.28923306,0.4243594
26,14,0.24731345,0.43264705
26,15,0.34380528,0.4901621
26,16,0.42441905,0.36543116
26,17,0.36943254,0.35329127
26,18,0.2698263,0.4255395
26,19,0.2319711,0.47713184
26,20,0.20120488,0.50093067
26,21,0.27525648,0.510577
26,22,0.39751962,0.54476327
26,23,0.3098023,0.39252964
26,24,0.31265265,0.4603399
26,25,0.2967748,0.32560152
26,26,0.42337576,0.32635492
26,27,0.45657763,0.34912732
26,28,0.35592777,0.37973788
26,29,0.3180819,0.5292768
26,30,0.21821517,0.5089256
26,31,0.3397054,0.44882596
26,32,0.33376557,0.41343704
26,33,0.275179,0.38802114
26,34,0.25829107,0.44824222
26,35,0.23473974,0.4140697
26,36,0.26974002,0.4791325
26,37,0.29093286,0.53643906
26,38,0.2692882,0.47601265
26,39,0.21877515,0.46902364
26,40,0.20625466,0.50871545
26,41,0.32100153,0.40248016
26,42,0.42308104,0.40143195
26,43,0.32241064,0.40052977
26,44,0.33225194,0.4998682
26,45,0.38061967,0.4249685
26,46,0.41897553,0.4506972
26,47,0.4632901,0.32151538
26,48,0.34524083,0.40163952
26,49,0.24908434,0.4866362
26,50,0.26225686,0.36583096
27,0,0.31834346,0.35686964
27,1,0.31111398,0.4136487
27,2,0.25275064,0.4989375
27,3,0.23688403,0.47553223
27,4,0.2610863,0.5395747
27,5,0.38961977,0.4381185
27,6,0.4253717,0.37220156
27,7,0.32144126,0.41588682
27,8,0.29209527,0.46048537
27,9,0.334078,0.37892598
27,10,0.30669978,0.4314898
27,11,0.27990654,0.45065007
27,12,0.25706485,0.5127086
27,13,0.29089046,0.44362584
27,14,0.31851304,0.45571965
27,15,0.31977323,0.38390946
27,16,0.32301387,0.46811756
27,17,0.35346735,0.33992
27,18,0.350844,0.39009964
27,19,0.33267733,0.5208634
27,20,0.34962472,0.4049106
27,21,0.32525107,0.34112927
27,22,0.23383667,0.48805565
27,23,0.26905164,0.3492845
27,24,0.2442002,0.4872003
27,25,0.33072165,0.4890869
27,26,0.2695006,0.36180222
27,27,0.2389776,0.5028468
27,28,0.22542123,0.44790652
27,29,0.31352314,0.51890415
27,30,0.3965535,0.35598388
27,31,0.31722945,0.37538427
27,32,0.22491337,0.48189515
27,33,0.28560743,0.48334125
27,34,0.3171189,0.36604422
27,35,0.4498339,0.41697118
27,36,0.32838508,0.40995786
27,37,0.21934399,0.43351543
27,38,0.16467613,0.46259248
27,39,0.20830816,0.40250194
27,40,0.2893814,0.4414526
27,41,0.3657871,0.45748994
27,42,0.3217232,0.386334
27,43,0.29657584,0.4320258
27,44,0.32669407,0.41148055
27,45,0.35808867,0.32213873
27,46,0.37524027,0.37386563
27,47,0.35269937,0.40960506
27,48,0.2747808,0.47717506
27,49,0.26090103,0.4645614
27,50,0.2503892,0.43742958
28,0,0.31073835,0.38717854
28,1,0.34279352,0.3479691
28,2,0.27385256,0.41044578
28,3,0.21938351,0.56546646
28,4,0.27612785,0.4353228
28,5,0.33648866,0.42101446
28,6,0.33358982,0.37920317
28,7,0.2912881,0.52786726
28,8,0.25625736,0.42058083
28,9,0.2583517,0.39533997
28,10,0.29353788,0.3660371
28,11,0.33141595,0.40010512
28,12,0.32090008,0.41525862
28,13,0.24272038,0.43979454
28,14,0.23314981,0.5884411
28,15,0.2530717,0.45017707
28,16,0.33187374,0.40295324
28,17,0.40135536,0.3848972
28,18,0.33321136,0.39620212
28,19,0.31536725,0.40830472
28,20,0.40133986,0.43372798
28,21,0.348414,0.41172504
28,22,0.25353536,0.47382087
28,23,0.23474367,0.54099476
28,24,0.25389612,0.41194096
28,25,0.26486292,0.43999466
28,26,0.2592791,0.4020547
28,27,0.2715406,0.46458393
28,28,0.29410386,0.53937125
28,29,0.34199315,0.36319312
28,30,0.286134,0.4458599
28,31,0.2807462,0.41276705
28,32,0.28436902,0.3442096
28,33,0.28578886,0.3740716
28,34,0.28586334,0.40692395
28,35,0.3067711,0.3823728
28,36,0.2890784,0.3703383
28,37,0.2429522,0.5159451
28,38,0.303215,0.3849852
28,39,0.28894523,0.420496
28,40,0.29855224,0.49336454
28,41,0.2764821,0.41415054
28,42,0.3344455,0.37393215
28,43,0.35137802,0.40549722
28,44,0.3502323,0.38391203
28,45,0.36458275,0.47938293
28,46,0.32413715,0.3987525
28,47,0.2862957,0.49847734
28,48,0.23465304,0.48900473
28,49,0.22331443,0.36588055
28,50,0.20190437,0.53432375
29,0,0.1751056,0.45865077
29,1,0.22068939,0.55764794
29,2,0.33088693,0.44584852
29,3,0.41231182,0.43441594
29,4,0.37306145,0.46915457
29,5,0.2911296,0.39501417
29,6,0.2947194,0.48668233
29,7,0.366387,0.38847637
29,8,0.4939181,0.37950394
29,9,0.3727095,0.3865104
29,10,0.28347987,0.41604087
29,11,0.18397397,0.43174103
29,12,0.23502374,0.49468637
29,13,0.34077245,0.41323555
29,14,0.36786827,0.4328702
29,15,0.24732932,0.39331177
29,16,0.26605886,0.5050074
29,17,0.23674087,0.43794584
29,18,0.35746154,0.39950365
29,19,0.4013406,0.3922519
29,20,0.32247344,0.38487092
29,21,0.23767927,0.4207954
29,22,0.25650877,0.44976124
29,23,0.3408458,0.41038793
29,24,0.35067472,0.33563787
29,25,0.29456204,0.3922643
29,26,0.2071547,0.43554884
29,27,0.14983577,0.45204505
29,28,0.1892231,0.50039554
29,29,0.26787573,0.45113012
29,30,0.36774606,0.48014748
29,31,0.4272427,0.4545763
29,32,0.2997521,0.3350922
29,33,0.30258304,0.50475127
29,34,0.23253234,0.43732697
29,35,0.36655587,0.3996215
29,36,0.41912553,0.36263984
29,37,0.3044617,0.42586088
29,38,0.23497035,0.4435823
29,39,0.18941773,0.46165347
29,40,0.3362904,0.41520107
29,41,0.3780769,0.38457653
29,42,0.27055147,0.4110361
29,43,0.29259902,0.3968043
29,44,0.2890516,0.4480544
29,45,0.31980643,0.36747867
29,46,0.3472699,0.3780128
29,47,0.32333994,0.4475803
29,48,0.25595418,0.47995278
29,49,0.28601864,0.5135253
29,50,0.34812275,0.4639088
30,0,0.32919142,0.4082011
30,1,0.26111916,0.42136088
30,2,0.22528848,0.53090346
30,3,0.2636028,0.46024165
30,4,0.34811357,0.3889272
30,5,0.4012909,0.40742484
30,6,0.28367895,0.49971956
30,7,0.2243592,0.50303364
30,8,0.2678047,0.42008674
30,9,0.3486179,0.34663275
30,10,0.43055877,0.35429016
30,11,0.39593008,0.415281
30,12,0.31182885,0.44119775
30,13,0.2174901,0.42695296
30,14,0.2145083,0.48940474
30,15,0.206141,0.4442737
30,16,0.2964591,0.4897637
30,17,0.28128627,0.4355537
30,18,0.23401697,0.4532721
30,19,0.33941138,0.4295382
30,20,0.4250347,0.36889648
30,21,0.5457049,0.42647743
30,22,0.3586569,0.33465612
30,23,0.23900804,0.4341808
30,24,0.22036071,0.52480274
30,25,0.31240994,0.4389869
30,26,0.36348644,0.47753087
30,27,0.26038706,0.41561407
30,28,0.17014073,0.42898566
30,29,0.20564283,0.4322204
30,30,0.20195878,0.50360894
30,31,0.32561803,0.4604498
30,32,0.46161452,0.38514864
30,33,0.32929534,0.42008337
30,34,0.25784162,0.47035635
30,35,0.2973673,0.46578175
30,36,0.39688686,0.41149482
30,37,0.5280626,0.4059251
30,38,0.4222227,0.40895712
30,39,0.30310425,0.45829713
30,40,0.21947733,0.42526975
30,41,0.23667055,0.4409998
30,42,0.34659803,0.39230776
30,43,0.31560692,0.35978606
30,44,0.29478726,0.44445035
30,45,0.20387912,0.4052704
30,46,0.2228467,0.37071773
30,47,0.23336631,0.51093215
30,48,0.24887127,0.444665
30,49,0.24316645,0.4300025
30,50,0.17455828,0.48471934
31,0,0.28398734,0.40959373
31,1,0.33521023,0.421146
31,2,0.44033372,0.42386353
31,3,0.32575783,0.37893435
31,4,0.293258,0.5762113
31,5,0.40076706,0.440376
31,6,0.52162844,0.36353564
31,7,0.38064945,0.40130743
31,8,0.17672762,0.4180941
31,9,0.20383568,0.5148043
31,10,0.17583433,0.46307558
31,11,0.28778055,0.3759499
31,12,0.38715464,0.5232348
31,13,0.22166575,0.39770576
31,14,0.19304316,0.563678
31,15,0.30223364,0.486444
31,16,0.34070483,0.46364453
31,17,0.64663416,0.42715776
31,18,0.53628546,0.38450927
31,19,0.23283789,0.52848685
31,20,0.2479115,0.4613589
31,21,0.2513982,0.49371764
31,22,0.26143554,0.44515356
31,23,0.3966845,0.4847805
31,24,0.32816237,0.464038
31,25,0.22861946,0.4691322
31,26,0.13971381,0.62684214
31,27,0.23012221,0.40641752
31,28,0.42773196,0.32155985
31,29,0.5485866,0.39318284
31,30,0.4535328,0.3562982
31,31,0.33660254,0.37930837
31,32,0.31564233,0.50339335
31,33,0.3515364,0.39622733
31,34,0.27325788,0.4654711
31,35,0.15821007,0.50393206
31,36,0.14238393,0.47576976
31,37,0.17107308,0.4433267
31,38,0.28417963,0.3349834
31,39,0.35491037,0.46023196
31,40,0.3382296,0.40811214
31,41,0.27761802,0.43496898
31,42,0.26392463,0.4534371
31,43,0.36250144,0.363717
31,44,0.56252396,0.34334734
31,45,0.4632526,0.39846876
31,46,0.2648321,0.49305758
31,47,0.14255238,0.5130903
31,48,0.16139396,0.4243403
31,49,0.248062,0.5420336
31,50,0.2796856,0.36509594
32,0,0.22158994,0.42776564
32,1,0.20471686,0.48556712
32,2,0.19840494,0.51075935
32,3,0.24405254,0.37184507
32,4,0.3392715,0.4016486
32,5,0.34768495,0.33501935
32,6,0.34428814,0.44625086
32,7,0.34642377,0.42592683
32,8,0.3854917,0.4038218
32,9,0.38079086,0.32772145
32,10,0.29937991,0.41765052
32,11,0.22021623,0.47479203
32,12,0.29119387,0.4868225
32,13,0.28429538,0.37677
32,14,0.39397326,0.4191254
32,15,0.316752,0.40508184
32,16,0.14997604,0.4447566
32,17,0.23367694,0.53106654
32,18,0.27600938,0.3893342
32,19,0.36304757,0.32770592
32,20,0.34156922,0.35041964
32,21,0.2181795,0.49877843
32,22,0.16340758,0.52172273
32,23,0.27022532,0.5059495
32,24,0.46725467,0.48540977
32,25,0.5960253,0.50203013
32,26,0.36175048,0.48464823
32,27,0.20352525,0.53123313
32,28,0.30978224,0.55390817
32,29,0.31863195,0.3767853
32,30,0.43487433,0.49857363
32,31,0.46080253,0.43026033
32,32,0.29628518,0.3752725
32,33,0.224565,0.45503512
32,34,0.2323545,0.454478
32,35,0.2719085,0.39726457
32,36,0.3408792,0.45439646
32,37,0.2965548,0.36912945
32,38,0.30371034,0.40912208
32,39,0.20271273,0.40548053
32,40,0.2550951,0.38213965
32,41,0.27282017,0.3504614
32,42,0.29134625,0.49248305
32,43,0.22400248,0.40387738
32,44,0.23507378,0.49713978
32,45,0.2958102,0.3775567
32,46,0.30012515,0.47083318
32,47,0.29381797,0.4236057
32,48,0.26232398,0.43276998
32,49,0.23325336,0.3979848
32,50,0.37856504,0.3550798
33,0,0.28241602,0.51642025
33,1,0.24202845,0.49203795
33,2,0.22773397,0.4118871
33,3,0.18246569,0.49139392
33,4,0.24005924,0.40174446
33,5,0.36910602,0.3578439
33,6,0.35752684,0.41719434
33,7,0.3308919,0.43495846
33,8,0.302301,0.45829287
33,9,0.31348994,0.3828578
33,10,0.24815127,0.45366508
33,11,0.27266005,0.42880723
33,12,0.2742006,0.38528213
33,13,0.22628075,0.44990078
33,14,0.18534383,0.5021221
33,15,0.21774966,0.4094144
33,16,0.3026129,0.3654165
33,17,0.40702817,0.35788628
33,18,0.350925,0.40735355
33,19,0.22675142,0.4058519
33,20,0.2764702,0.44915193
33,21,0.30732727,0.49925423
33,22,0.3879579,0.39009553
33,23,0.37149647,0.3750164
33,24,0.22135259,0.41245934
33,25,0.18285783,0.47911
33,26,0.24095401,0.47387648
33,27,0.33223638,0.47364753
33,28,0.2862531,0.4486581
33,29,0.23348139,0.4689409
33,30,0.25432575,0.35618883
33,31,0.32499018,0.33178183
33,32,0.3888074,0.40103135
33,33,0.32809436,0.334634
33,34,0.22557047,0.49072742
33,35,0.25905204,0.4411007
33,36,0.34599704,0.37251645
33,37,0.3388563,0.46083358
33,38,0.3272484,0.3956141
33,39,0.2720383,0.397309
33,40,0.22570783,0.42684177
33,41,0.20513414,0.5003753
33,42,0.23741634,0.42412806
33,43,0.2677252,0.4759674
33,44,0.260988,0.5390764
33,45,0.2646099,0.46169943
33,46,0.26860362,0.43494886
33,47,0.3290814,0.3620573
33,48,0.35818923,0.40061823
33,49,0.30349255,0.39128163
33,50,0.31154126,0.42272922
34,0,0.27276546,0.4690235
34,1,0.2547161,0.44002858
34,2,0.3010245,0.43088716
34,3,0.3768298,0.45206892
34,4,0.32817358,0.50193685
34,5,0.2638401,0.4479971
34,6,0.25206304,0.5608896
34,7,0.33557355,0.38019535
34,8,0.3321675,0.37751263
34,9,0.29768464,0.3737633
34,10,0.28223538,0.39786544
34,11,0.23250511,0.40747973
34,12,0.24493009,0.33712283
34,13,0.2644186,0.42200667
34,14,0.23537034,0.42647228
34,15,0.26576367,0.47715673
34,16,0.26708233,0.38887715
34,17,0.26977348,0.49973375
34,18,0.26038992,0.3434179
34,19,0.21504122,0.43512824
34,20,0.20915201,0.47762388
34,21,0.3301322,0.48273212
34,22,0.38016587,0.35240343
34,23,0.3966756,0.41067308
34,24,0.28610218,0.39022553
34,25,0.22754292,0.41746715
34,26,0.24635237,0.4123261
34,27,0.30900648,0.38849252
34,28,0.33148453,0.30319208
34,29,0.24059264,0.5078763
34,30,0.21859118,0.46465078
34,31,0.25106123,0.47026047
34,32,0.3580013,0.29211652
34,33,0.40050524,0.49490854
34,34,0.32703575,0.35385144
34,35,0.26530877,0.39110655
34,36,0.23954932,0.41736412
34,37,0.2787448,0.4797973
34,38,0.31780457,0.4290861
34,39,0.29172432,0.45976773
34,40,0.26817986,0.42478624
34,41,0.21105792,0.5245002
34,42,0.22507358,0.43195423
34,43,0.2698778,0.44613168
34,44,0.36360607,0.45561606
34,45,0.27496463,0.38094857
34,46,0.2684706,0.40347788
34,47,0.26221794,0.45413888
34,48,0.3399562,0.36722487
34,49,0.42038104,0.37735665
34,50,0.35182837,0.28490186
35,0,0.1768262,0.39842528
35,1,0.15852161,0.49509245
35,2,0.22432981,0.50748324
35,3,0.30879205,0.37344477
35,4,0.433806,0.40529534
35,5,0.34752253,0.4710653
35,6,0.21767636,0.41195345
35,7,0.24001232,0.6381105
35,8,0.31669736,0.38508263
35,9,0.5655375,0.4082667
35,10,0.4536855,0.40351596
35,11,0.22324389,0.52556837
35,12,0.19742002,0.4800222
35,13,0.20172194,0.4115403
35,14,0.35286722,0.44269377
35,15,0.45936084,0.5156108
35,16,0.25352713,0.36668822
35,17,0.15316878,0.56493586
35,18,0.1407865,0.58041674
35,19,0.2696157,0.40062216
35,20,0.5455435,0.3447647
35,21,0.538988,0.33733594
35,22,0.30846393,0.41306767
35,23,0.20843853,0.5215142
35,24,0.19557185,0.5871544
35,25,0.30838543,0.41399738
35,26,0.44173414,0.5179094
35,27,0.29612568,0.43364897
35,28,0.23517203,0.42937794
35,29,0.21872082,0.48204285
35,30,0.249194,0.4760109
35,31,0.3138492,0.34504113
35,32,0.3276577,0.334414
35,33,0.29997864,0.45840868
35,34,0.2607882,0.45497265
35,35,0.24701779,0.39570507
35,36,0.32719085,0.37922373
35,37,0.34496227,0.4237644
35,38,0.294338,0.4300005
35,39,0.22681387,0.43369314
35,40,0.23327877,0.4123789
35,41,0.22154048,0.42457366
35,42,0.2563185,0.46088538
35,43,0.3263116,0.5496571
35,44,0.25796053,0.43033114
35,45,0.23114051,0.50716645
35,46,0.29858598,0.31894454
35,47,0.35451847,0.49083441
35,48,0.31392375,0.41654956
35,49,0.3022744,0.48117733
35,50,0.25770804,0.5778649
36,0,0.276719,0.45325282
36,1,0.28154346,0.47104254
36,2,0.24112019,0.41065127
36,3,0.25568202,0.48320988
36,4,0.24686006,0.4002521
36,5,0.2319726,0.4605822
36,6,0.24448553,0.43078902
36,7,0.25183934,0.44269294
36,8,0.21093664,0.33284485
36,9,0.21853645,0.43984687
36,10,0.22328407,0.43169254
36,11,0.23521604,0.44027063
36,12,0.28452873,0.477578
36,13,0.34292364,0.405025
36,14,0.34835193,0.37321737
36,15,0.34274653,0.42098454
36,16,0.31193244,0.38790447
36,17,0.24916089,0.4202347
36,18,0.2675219,0.46313545
36,19,0.28369442,0.3732121
36,20,0.2328166,0.43738472
36,21,0.15109833,0.46905997
36,22,0.17532043,0.54926693
36,23,0.2697362,0.53015894
36,24,0.41767874,0.39473504
36,25,0.35647044,0.46224323
36,26,0.3526676,0.3360295
36,27,0.39220047,0.3691249
36,28,0.31308022,0.37989625
36,29,0.30527517,0.4310023
36,30,0.33129817,0.4116653
36,31,0.28408796,0.3818274
36,32,0.22472204,0.4040801
36,33,0.19699922,0.48579627
36,34,0.1966881,0.45681685
36,35,0.24895255,0.41988763
36,36,0.3022179,0.4264552
36,37,0.3312954,0.45445022
36,38,0.3501724,0.3794105
36,39,0.30370644,0.36251578
36,40,0.41968796,0.4215281
36,41,0.47882098,0.43010172
36,42,0.3969141,0.42887446
36,43,0.25175184,0.46821478
36,44,0.17938383,0.45885256
36,45,0.18715708,0.40442768
36,46,0.20904994,0.45915928
36,47,0.32342753,0.49451515
36,48,0.30482897,0.31550807
36,49,0.2265819,0.40837756
36,50,0.1974121,0.5102536
37,0,0.3419195,0.34147054
37,1,0.5487089,0.3006138
37,2,0.5040471,0.3799769
37,3,0.34133407,0.48505872
37,4,0.22378713,0.481116
37,5,0.192118,0.4585122
37,6,0.2684687,0.42939153
37,7,0.32642457,0.3757682
37,8,0.2564779,0.4938045
37,9,0.18903437,0.49448636
37,10,0.22024082,0.46404728
37,11,0.27614835,0.30507234
37,12,0.38369605,0.454482
37,13,0.36682972,0.47864145
37,14,0.26937875,0.43363488
37,15,0.26422736,0.39864933
37,16,0.34109956,0.34679443
37,17,0.3337657,0.43116212
37,18,0.3069122,0.37322685
37,19,0.23498598,0.5203917
37,20,0.28352886,0.42357415
37,21,0.22577642,0.45316145
37,22,0.20641443,0.42125595
37,23,0.27932233,0.43272844
37,24,0.29476216,0.391242
37,25,0.31160924,0.44145954
37,26,0.30716935,0.35418904
37,27,0.2613583,0.44920892
37,28,0.20425245,0.39545855
37,29,0.26113918,0.4404818
37,30,0.26693362,0.37952968
37,31,0.26047984,0.39813742
37,32,0.21526985,0.4181883
37,33,0.24394931,0.45599827
37,34,0.2293449,0.40645894
37,35,0.27095068,0.39381388
37,36,0.31343746,0.41491896
37,37,0.26699302,0.48167765
37,38,0.26991868,0.48660564
37,39,0.19581418,0.41631278
37,40,0.25011432,0.39485103
37,41,0.28717074,0.39218768
37,42,0.25883558,0.40192103
37,43,0.29114842,0.50538796
37,44,0.31082407,0.36853206
37,45,0.31913212,0.42762196
37,46,0.35000226,0.36466148
37,47,0.3657821,0.3986153
37,48,0.30027086,0.39945534
37,49,0.24610591,0.4415656
37,50,0.3160774,0.48477605
38,0,0.24345271,0.46451262
38,1,0.27336523,0.56756157
38,2,0.26678208,0.52229637
38,3,0.26811975,0.3633421
38,4,0.2487855,0.38677022
38,5,0.20236441,0.4638986
38,6,0.2824346,0.3866018
38,7,0.3436244,0.40316397
38,8,0.35383707,0.32858947
38,9,0.35622203,0.4715996
38,10,0.29231256,0.4826675
38,11,0.22402036,0.4078743
38,12,0.19537096,0.44650418
38,13,0.21657902,0.48980594
38,14,0.261898,0.35928455
38,15,0.22959882,0.407173
38,16,0.24163702,0.40234917
38,17,0.26128653,0.48026437
38,18,0.34632576,0.41939014
38,19,0.3295751,0.31681645
38,20,0.24766834,0.39667204
38,21,0.2766822,0.3994655
38,22,0.27991778,0.4983303
38,23,0.32794476,0.44724792
38,24,0.2981656,0.39890167
38,25,0.24561577,0.39022246
38,26,0.19823526,0.40149713
38,27,0.22420196,0.37816298
38,28,0.23431577,0.45920736
38,29,0.24772179,0.4224688
38,30,0.23817398,0.37258688
38,31,0.23644383,0.4451268
38,32,0.2417811,0.45756152
38,33,0.2964201,0.47428605
38,34,0.3550693,0.33916306
38,35,0.28299507,0.39458087
38,36,0.27466512,0.35762635
38,37,0.30788842,0.36906338
38,38,0.33861822,0.36536843
38,39,0.3800396,0.39893168
38,40,0.3385719,0.3458772
38,41,0.24247575,0.425144
38,42,0.16192037,0.60916936
38,43,0.21797998,0.46829858
38,44,0.28498733,0.5202829
38,45,0.3626866,0.46881416
38,46,0.2795288,0.4066211
38,47,0.20017362,0.4794608
38,48,0.2576475,0.38057226
38,49,0.35722744,0.45419186
38,50,0.5377246,0.37716895
39,0,0.39376137,0.34141365
39,1,0.297903,0.42540523
39,2,0.23013903,0.45628887
39,3,0.2851299,0.4114376
39,4,0.32772177,0.38764724
39,5,0.25226587,0.46302468
39,6,0.20808236,0.4762325
39,7,0.24060704,0.3693438
39,8,0.19039689,0.48213857
39,9,0.23965265,0.37995148
39,10,0.29874873,0.45797992
39,11,0.32285744,0.379235
39,12,0.28864515,0.4095843
39,13,0.25029573,0.3084411
39,14,0.2377929,0.43288696
39,15,0.2829829,0.42339098
39,16,0.35063565,0.43274388
39,17,0.3541202,0.3834973
39,18,0.27034518,0.40047136
39,19,0.22675227,0.39202487
39,20,0.19202016,0.40305495
39,21,0.17696631,0.4514118
39,22,0.17542091,0.43822044
39,23,0.25609985,0.35175022
39,24,0.2799062,0.46934867
39,25,0.322173,0.42277092
39,26,0.32321137,0.44134152
39,27,0.27665177,0.37302098
39,28,0.28127086,0.49767882
39,29,0.33352527,0.4662399
39,30,0.39596984,0.36450237
39,31,0.2842289,0.42063195
39,32,0.2290297,0.4988682
39,33,0.21357735,0.48180357
39,34,0.2278241,0.45448267
39,35,0.25325823,0.45931974
39,36,0.22324626,0.4384019
39,37,0.20803727,0.44774586
39,38,0.18394518,0.48319268
39,39,0.2800111,0.548222
39,40,0.33803713,0.37601337
39,41,0.48213264,0.32035676
39,42,0.4044727,0.43923503
39,43,0.29466105,0.38913378
39,44,0.25446036,0.47441548
39,45,0.22611623,0.50166947
39,46,0.24553438,0.3924949
39,47,0.25472286,0.4688704
39,48,0.27064523,0.43806893
39,49,0.29488304,0.31948394
39,50,0.3208893,0.3803311
40,0,0.27193788,0.39817694
40,1,0.23760532,0.43349358
40,2,0.33498397,0.4920149
40,3,0.39012066,0.37991455
40,4,0.38319573,0.4310637
40,5,0.29234424,0.32622334
40,6,0.31025332,0.4511915
40,7,0.28153288,0.43744656
40,8,0.37121633,0.34752673
40,9,0.39450583,0.3483616
40,10,0.23297483,0.37954015
40,11,0.18347609,0.60119045
40,12,0.25808212,0.4257444
40,13,0.30923504,0.3787625
40,14,0.35379234,0.43957222
40,15,0.31578213,0.3462372
40,16,0.33289197,0.41120633
40,17,0.30156195,0.5575415
40,18,0.32452452,0.38832584
40,19,0.36009276,0.40764132
40,20,0.36215964,0.37586248
40,21,0.23989597,0.3648692
40,22,0.18083586,0.44867688
40,23,0.15815297,0.4484849
40,24,0.17253508,0.52032435
40,25,0.25036895,0.32028034
40,26,0.2803193,0.39963344
40,27,0.2662838,0.4541777
40,28,0.2507659,0.4986295
40,29,0.2017016,0.47578764
40,30,0.2856252,0.45224148
40,31,0.42681128,0.3804606
40,32,0.34883618,0.4288828
40,33,0.24124335,0.43505016
40,34,0.19515838,0.5913546
40,35,0.16216515,0.4564422
40,36,0.21733932,0.41355407
40,37,0.27536172,0.3786028
40,38,0.23157863,0.40167117
40,39,0.21128598,0.4360976
40,40,0.20907567,0.39872065
40,41,0.39003974,0.46091112
40,42,0.45654848,0.3352289
40,43,0.429722,0.492037
40,44,0.29571566,0.41899502
40,45,0.24161433,0.5358985
40,46,0.22067389,0.37640613
40,47,0.28100294,0.42275256
40,48,0.2795089,0.3455491
40,49,0.27828512,0.4210452
40,50,0.2253813,0.3737748
38,0.825,0.954,4320
